Timestamp,Data...
2025-01-26 23:38:22.981583,834.4,834.0,100.0,1.32,10.28,0.1,0.0,0.0,0.0,1.32,10.28,0.1
2025-01-26 23:38:22.992091,834.4,834.0,100.0,1.32,10.28,0.1,0.0,0.0,0.0,1.32,10.28,0.1
2025-01-26 23:38:23.002100,834.4,834.0,100.0,1.32,10.28,0.1,0.0,0.0,0.0,1.32,10.28,0.1
2025-01-26 23:38:23.012094,834.4,834.0,100.0,1.32,10.28,0.1,0.0,0.0,0.0,1.32,10.28,0.1
2025-01-26 23:38:23.023095,834.4,834.0,100.0,1.32,10.28,0.1,0.0,0.0,0.0,1.32,10.28,0.1
2025-01-26 23:38:23.034093,834.4,834.0,100.0,1.32,10.28,0.1,0.0,0.0,0.0,1.32,10.28,0.1
2025-01-26 23:38:23.045101,834.4,834.0,100.0,1.32,10.28,0.1,0.0,0.0,0.0,1.32,10.28,0.1
2025-01-26 23:38:23.056094,834.4,834.0,100.0,1.32,10.28,0.1,0.0,0.0,0.0,1.32,10.28,0.1
2025-01-26 23:38:23.067094,834.4,834.0,100.0,1.32,10.28,0.1,0.0,0.0,0.0,1.32,10.28,0.1
2025-01-26 23:38:23.078156,834.4,834.0,100.0,1.32,10.28,0.1,0.0,0.0,0.0,1.32,10.28,0.1
2025-01-26 23:38:23.089151,834.4,834.0,100.0,1.32,10.28,0.1,0.0,0.0,0.0,1.32,10.28,0.1
2025-01-26 23:38:23.100150,834.4,834.0,100.0,1.32,10.28,0.1,0.0,0.0,0.0,1.32,10.28,0.1
2025-01-26 23:38:23.111150,834.4,834.0,100.0,1.32,10.28,0.1,0.0,0.0,0.0,1.32,10.28,0.1
2025-01-26 23:38:23.121958,834.4,834.0,100.0,1.32,10.28,0.1,0.0,0.0,0.0,1.32,10.28,0.1
2025-01-26 23:38:23.132959,834.4,834.0,100.0,1.32,10.28,0.1,0.0,0.0,0.0,1.32,10.28,0.1
2025-01-26 23:38:23.145963,834.4,834.0,100.0,1.32,10.28,0.1,0.0,0.0,0.0,1.32,10.28,0.1
2025-01-26 23:38:23.155503,834.4,834.0,100.0,1.32,10.28,0.1,0.0,0.0,0.0,1.32,10.28,0.1
2025-01-26 23:38:23.167020,834.4,834.0,100.0,1.32,10.28,0.1,0.0,0.0,0.0,1.32,10.28,0.1
2025-01-26 23:38:23.177024,834.4,834.0,100.0,1.32,10.28,0.1,0.0,0.0,0.0,1.32,10.28,0.1
2025-01-26 23:38:23.188022,834.4,834.0,100.0,1.32,10.28,0.1,0.0,0.0,0.0,1.32,10.28,0.1
2025-01-26 23:38:23.199021,834.4,834.0,100.0,1.32,10.28,0.1,0.0,0.0,0.0,1.32,10.28,0.1
2025-01-26 23:38:23.210024,834.4,834.0,100.0,1.32,10.28,0.1,0.0,0.0,0.0,1.32,10.28,0.1
2025-01-26 23:38:23.221026,834.4,834.0,100.0,1.32,10.28,0.1,0.0,0.0,0.0,1.32,10.28,0.1
2025-01-26 23:38:23.232020,834.4,834.0,100.0,1.32,10.28,0.1,0.0,0.0,0.0,1.32,10.28,0.1
2025-01-26 23:38:23.243021,834.4,834.0,100.0,1.32,10.28,0.1,0.0,0.0,0.0,1.32,10.28,0.1
2025-01-26 23:38:23.254255,834.4,834.0,100.0,1.32,10.28,0.1,0.0,0.0,0.0,1.32,10.28,0.1
2025-01-26 23:38:23.264267,834.4,834.0,100.0,1.32,10.28,0.1,0.0,0.0,0.0,1.32,10.28,0.1
2025-01-26 23:38:23.276255,834.4,834.0,100.0,1.32,10.28,0.1,0.0,0.0,0.0,1.32,10.28,0.1
2025-01-26 23:38:23.286261,834.4,834.0,100.0,1.32,10.28,0.1,0.0,0.0,0.0,1.32,10.28,0.1
2025-01-26 23:38:23.297259,834.4,834.0,100.0,1.32,10.28,0.1,0.0,0.0,0.0,1.32,10.28,0.1
2025-01-26 23:38:23.308258,834.4,834.0,100.0,1.32,10.28,0.1,0.0,0.0,0.0,1.32,10.28,0.1
2025-01-26 23:38:23.320267,834.4,834.0,100.0,1.32,10.28,0.1,0.0,0.0,0.0,1.32,10.28,0.1
2025-01-26 23:38:23.330262,834.4,834.0,100.0,1.32,10.28,0.1,0.0,0.0,0.0,1.32,10.28,0.1
2025-01-26 23:38:23.342262,834.4,834.0,100.0,1.32,10.28,0.1,0.0,0.0,0.0,1.32,10.28,0.1
2025-01-26 23:38:23.352260,834.4,834.0,100.0,1.32,10.28,0.1,0.0,0.0,0.0,1.32,10.28,0.1
2025-01-26 23:38:23.365255,834.4,834.0,100.0,1.32,10.28,0.1,0.0,0.0,0.0,1.32,10.28,0.1
2025-01-26 23:38:23.374779,834.4,834.0,100.0,1.32,10.28,0.1,0.0,0.0,0.0,1.32,10.28,0.1
2025-01-26 23:38:23.385781,834.4,834.0,100.0,1.32,10.28,0.1,0.0,0.0,0.0,1.32,10.28,0.1
2025-01-26 23:38:23.396779,834.4,834.0,100.0,1.32,10.28,0.1,0.0,0.0,0.0,1.32,10.28,0.1
2025-01-26 23:38:23.407778,834.4,834.0,100.0,1.32,10.28,0.1,0.0,0.0,0.0,1.32,10.28,0.1
2025-01-26 23:38:23.418778,834.4,834.0,100.0,1.32,10.28,0.1,0.0,0.0,0.0,1.32,10.28,0.1
2025-01-26 23:38:23.430013,834.4,834.0,100.0,1.32,10.28,0.1,0.0,0.0,0.0,1.32,10.28,0.1
2025-01-26 23:38:23.441021,834.4,834.0,100.0,1.32,10.28,0.1,0.0,0.0,0.0,1.32,10.28,0.1
2025-01-26 23:38:23.452013,834.4,834.0,100.0,1.32,10.28,0.1,0.0,0.0,0.0,1.32,10.28,0.1
2025-01-26 23:38:23.463013,834.4,834.0,100.0,1.32,10.28,0.1,0.0,0.0,0.0,1.32,10.28,0.1
2025-01-26 23:38:23.474012,834.4,834.0,100.0,1.32,10.28,0.1,0.0,0.0,0.0,1.32,10.28,0.1
2025-01-26 23:38:23.485117,834.4,834.0,100.0,1.32,10.28,0.1,0.0,0.0,0.0,1.32,10.28,0.1
2025-01-26 23:38:23.495264,834.4,834.0,100.0,1.32,10.28,0.1,0.0,0.0,0.0,1.32,10.28,0.1
2025-01-26 23:38:23.507262,834.4,834.0,100.0,1.32,10.28,0.1,0.0,0.0,0.0,1.32,10.28,0.1
2025-01-26 23:38:23.518264,834.4,834.0,100.0,1.32,10.28,0.1,0.0,0.0,0.0,1.32,10.28,0.1
2025-01-26 23:38:23.529263,834.4,834.0,100.0,1.32,10.28,0.1,0.0,0.0,0.0,1.32,10.28,0.1
2025-01-26 23:38:23.540264,834.4,834.0,100.0,1.32,10.28,0.1,0.0,0.0,0.0,1.32,10.28,0.1
2025-01-26 23:38:23.550265,834.4,834.0,100.0,1.32,10.28,0.1,0.0,0.0,0.0,1.32,10.28,0.1
2025-01-26 23:38:23.561264,834.4,834.0,100.0,1.32,10.28,0.1,0.0,0.0,0.0,1.32,10.28,0.1
2025-01-26 23:38:23.572264,834.4,834.0,100.0,1.32,10.28,0.1,0.0,0.0,0.0,1.32,10.28,0.1
2025-01-26 23:38:23.584263,834.4,834.0,100.0,1.32,10.28,0.1,0.0,0.0,0.0,1.32,10.28,0.1
2025-01-26 23:38:23.594266,834.4,834.0,100.0,1.32,10.28,0.1,0.0,0.0,0.0,1.32,10.28,0.1
2025-01-26 23:38:23.606263,834.4,834.0,100.0,1.32,10.28,0.1,0.0,0.0,0.0,1.32,10.28,0.1
2025-01-26 23:38:23.617263,834.4,834.0,100.0,1.32,10.28,0.1,0.0,0.0,0.0,1.32,10.28,0.1
2025-01-26 23:38:23.627800,834.4,834.0,100.0,1.32,10.28,0.1,0.0,0.0,0.0,1.32,10.28,0.1
2025-01-26 23:38:23.638807,834.4,834.0,100.0,1.32,10.28,0.1,0.0,0.0,0.0,1.32,10.28,0.1
2025-01-26 23:38:23.649800,834.4,834.0,100.0,1.32,10.28,0.1,0.0,0.0,0.0,1.32,10.28,0.1
2025-01-26 23:38:23.660799,834.4,834.0,100.0,1.32,10.28,0.1,0.0,0.0,0.0,1.32,10.28,0.1
2025-01-26 23:38:23.671799,834.4,834.0,100.0,1.32,10.28,0.1,0.0,0.0,0.0,1.32,10.28,0.1
2025-01-26 23:38:23.682800,834.4,834.0,100.0,1.32,10.28,0.1,0.0,0.0,0.0,1.32,10.28,0.1
2025-01-26 23:38:23.693799,834.4,834.0,100.0,1.32,10.28,0.1,0.0,0.0,0.0,1.32,10.28,0.1
2025-01-26 23:38:23.704800,834.4,834.0,100.0,1.32,10.28,0.1,0.0,0.0,0.0,1.32,10.28,0.1
2025-01-26 23:38:23.715801,834.4,834.0,100.0,1.32,10.28,0.1,0.0,0.0,0.0,1.32,10.28,0.1
2025-01-26 23:38:23.726845,834.4,834.0,100.0,1.32,10.28,0.1,0.0,0.0,0.0,1.32,10.28,0.1
2025-01-26 23:38:23.737849,834.4,834.0,100.0,1.32,10.28,0.1,0.0,0.0,0.0,1.32,10.28,0.1
2025-01-26 23:38:23.748847,834.4,834.0,100.0,1.32,10.28,0.1,0.0,0.0,0.0,1.32,10.28,0.1
2025-01-26 23:38:23.760846,834.4,834.0,100.0,1.32,10.28,0.1,0.0,0.0,0.0,1.32,10.28,0.1
2025-01-26 23:38:23.770849,834.4,834.0,100.0,1.32,10.28,0.1,0.0,0.0,0.0,1.32,10.28,0.1
2025-01-26 23:38:23.781846,834.4,834.0,100.0,1.32,10.28,0.1,0.0,0.0,0.0,1.32,10.28,0.1
2025-01-26 23:38:23.792846,834.4,834.0,100.0,1.32,10.28,0.1,0.0,0.0,0.0,1.32,10.28,0.1
2025-01-26 23:38:23.803853,834.4,834.0,100.0,1.32,10.28,0.1,0.0,0.0,0.0,1.32,10.28,0.1
2025-01-26 23:38:23.814850,834.4,834.0,100.0,1.32,10.28,0.1,0.0,0.0,0.0,1.32,10.28,0.1
2025-01-26 23:38:23.825851,834.4,834.0,100.0,1.32,10.28,0.1,0.0,0.0,0.0,1.32,10.28,0.1
2025-01-26 23:38:23.836847,834.4,834.0,100.0,1.32,10.28,0.1,0.0,0.0,0.0,1.32,10.28,0.1
2025-01-26 23:38:23.847846,834.4,834.0,100.0,1.32,10.28,0.1,0.0,0.0,0.0,1.32,10.28,0.1
2025-01-26 23:38:23.858846,834.4,834.0,100.0,1.32,10.28,0.1,0.0,0.0,0.0,1.32,10.28,0.1
2025-01-26 23:38:23.869846,834.4,834.0,100.0,1.32,10.28,0.1,0.0,0.0,0.0,1.32,10.28,0.1
2025-01-26 23:38:23.880846,834.4,834.0,100.0,1.32,10.28,0.1,0.0,0.0,0.0,1.32,10.28,0.1
2025-01-26 23:38:23.891846,834.4,834.0,100.0,1.32,10.28,0.1,0.0,0.0,0.0,1.32,10.28,0.1
2025-01-26 23:38:23.902854,834.4,834.0,100.0,1.32,10.28,0.1,0.0,0.0,0.0,1.32,10.28,0.1
2025-01-26 23:38:23.913848,834.4,834.0,100.0,1.32,10.28,0.1,0.0,0.0,0.0,1.32,10.28,0.1
2025-01-26 23:38:23.924855,834.4,834.0,100.0,1.32,10.28,0.1,0.0,0.0,0.0,1.32,10.28,0.1
2025-01-26 23:38:23.935852,834.4,834.0,100.0,1.32,10.28,0.1,0.0,0.0,0.0,1.32,10.28,0.1
2025-01-26 23:38:23.947941,834.4,834.0,100.0,1.32,10.28,0.1,0.0,0.0,0.0,1.32,10.28,0.1
2025-01-26 23:38:23.957942,834.4,834.0,100.0,1.32,10.28,0.1,0.0,0.0,0.0,1.32,10.28,0.1
2025-01-26 23:38:23.968942,834.4,834.0,100.0,1.32,10.28,0.1,0.0,0.0,0.0,1.32,10.28,0.1
2025-01-26 23:38:23.980878,834.4,834.0,100.0,1.32,10.28,0.1,0.0,0.0,0.0,1.32,10.28,0.1
2025-01-26 23:38:23.992878,834.4,834.0,100.0,1.32,10.28,0.1,0.0,0.0,0.0,1.32,10.28,0.1
2025-01-26 23:38:24.002590,834.4,834.0,100.0,1.32,10.28,0.1,0.0,0.0,0.0,1.32,10.28,0.1
2025-01-26 23:38:24.014720,834.4,834.0,100.0,1.32,10.28,0.1,0.0,0.0,0.0,1.32,10.28,0.1
2025-01-26 23:38:24.024458,834.4,834.0,100.0,1.32,10.28,0.1,0.0,0.0,0.0,1.32,10.28,0.1
2025-01-26 23:38:24.035457,834.4,834.0,100.0,1.32,10.28,0.1,0.0,0.0,0.0,1.32,10.28,0.1
2025-01-26 23:38:24.045462,834.4,834.0,100.0,1.32,10.28,0.1,0.0,0.0,0.0,1.32,10.28,0.1
2025-01-26 23:38:24.056458,834.4,834.0,100.0,1.32,10.28,0.1,0.0,0.0,0.0,1.32,10.28,0.1
2025-01-26 23:38:24.067457,834.4,834.0,100.0,1.32,10.28,0.1,0.0,0.0,0.0,1.32,10.28,0.1
2025-01-26 23:38:24.078457,834.4,834.0,100.0,1.32,10.28,0.1,0.0,0.0,0.0,1.32,10.28,0.1
2025-01-26 23:38:24.089461,834.4,834.0,100.0,1.32,10.28,0.1,0.0,0.0,0.0,1.32,10.28,0.1
2025-01-26 23:38:24.100459,834.4,834.0,100.0,1.32,10.28,0.1,0.0,0.0,0.0,1.32,10.28,0.1
2025-01-26 23:38:24.112459,834.4,834.0,100.0,1.32,10.28,0.1,0.0,0.0,0.0,1.32,10.28,0.1
2025-01-26 23:38:24.122456,834.4,834.0,100.0,1.32,10.28,0.1,0.0,0.0,0.0,1.32,10.28,0.1
2025-01-26 23:38:24.134053,834.4,834.0,100.0,1.32,10.28,0.1,0.0,0.0,0.0,1.32,10.28,0.1
2025-01-26 23:38:24.145056,834.4,834.0,100.0,1.32,10.28,0.1,0.0,0.0,0.0,1.32,10.28,0.1
2025-01-26 23:38:24.156052,834.4,834.0,100.0,1.32,10.28,0.1,0.0,0.0,0.0,1.32,10.28,0.1
2025-01-26 23:38:24.167052,834.4,834.0,100.0,1.32,10.28,0.1,0.0,0.0,0.0,1.32,10.28,0.1
2025-01-26 23:38:24.178052,834.4,834.0,100.0,1.32,10.28,0.1,0.0,0.0,0.0,1.32,10.28,0.1
2025-01-26 23:38:24.189058,834.4,834.0,100.0,1.32,10.28,0.1,0.0,0.0,0.0,1.32,10.28,0.1
2025-01-26 23:38:24.200051,834.4,834.0,100.0,1.32,10.28,0.1,0.0,0.0,0.0,1.32,10.28,0.1
2025-01-26 23:38:24.211057,834.4,834.0,100.0,1.32,10.28,0.1,0.0,0.0,0.0,1.32,10.28,0.1
2025-01-26 23:38:24.222051,834.4,834.0,100.0,1.32,10.28,0.1,0.0,0.0,0.0,1.32,10.28,0.1
2025-01-26 23:38:24.233058,834.4,834.0,100.0,1.32,10.28,0.1,0.0,0.0,0.0,1.32,10.28,0.1
2025-01-26 23:38:24.244052,834.4,834.0,100.0,1.32,10.28,0.1,0.0,0.0,0.0,1.32,10.28,0.1
2025-01-26 23:38:24.256064,834.4,834.0,100.0,1.32,10.28,0.1,0.0,0.0,0.0,1.32,10.28,0.1
2025-01-26 23:38:24.267052,834.4,834.0,100.0,1.32,10.28,0.1,0.0,0.0,0.0,1.32,10.28,0.1
2025-01-26 23:38:24.277052,834.4,834.0,100.0,1.32,10.28,0.1,0.0,0.0,0.0,1.32,10.28,0.1
2025-01-26 23:38:24.288053,834.4,834.0,100.0,1.32,10.28,0.1,0.0,0.0,0.0,1.32,10.28,0.1
2025-01-26 23:38:24.299051,834.4,834.0,100.0,1.32,10.28,0.1,0.0,0.0,0.0,1.32,10.28,0.1
2025-01-26 23:38:24.310051,834.4,834.0,100.0,1.32,10.28,0.1,0.0,0.0,0.0,1.32,10.28,0.1
2025-01-26 23:38:24.321052,834.4,834.0,100.0,1.32,10.28,0.1,0.0,0.0,0.0,1.32,10.28,0.1
2025-01-26 23:38:24.336054,834.4,834.0,100.0,1.32,10.28,0.1,0.0,0.0,0.0,1.32,10.28,0.1
2025-01-26 23:38:24.349051,834.4,834.0,100.0,1.32,10.28,0.1,0.0,0.0,0.0,1.32,10.28,0.1
2025-01-26 23:38:24.360052,834.4,834.0,100.0,1.32,10.28,0.1,0.0,0.0,0.0,1.32,10.28,0.1
2025-01-26 23:38:24.369052,834.4,834.0,100.0,1.32,10.28,0.1,0.0,0.0,0.0,1.32,10.28,0.1
2025-01-26 23:38:24.379058,834.4,834.0,100.0,1.32,10.28,0.1,0.0,0.0,0.0,1.32,10.28,0.1
2025-01-26 23:38:24.389056,834.4,834.0,100.0,1.32,10.28,0.1,0.0,0.0,0.0,1.32,10.28,0.1
2025-01-26 23:38:24.398051,834.4,834.0,100.0,1.32,10.28,0.1,0.0,0.0,0.0,1.32,10.28,0.1
2025-01-26 23:38:24.409051,834.4,834.0,100.0,1.32,10.28,0.1,0.0,0.0,0.0,1.32,10.28,0.1
2025-01-26 23:38:24.420055,834.4,834.0,100.0,1.32,10.28,0.1,0.0,0.0,0.0,1.32,10.28,0.1
2025-01-26 23:38:24.431052,834.4,834.0,100.0,1.32,10.28,0.1,0.0,0.0,0.0,1.32,10.28,0.1
2025-01-26 23:38:24.442051,834.4,834.0,100.0,1.32,10.28,0.1,0.0,0.0,0.0,1.32,10.28,0.1
2025-01-26 23:38:24.453052,834.4,834.0,100.0,1.32,10.28,0.1,0.0,0.0,0.0,1.32,10.28,0.1
2025-01-26 23:38:24.464052,834.4,834.0,100.0,1.32,10.28,0.1,0.0,0.0,0.0,1.32,10.28,0.1
2025-01-26 23:38:24.475053,834.4,834.0,100.0,1.32,10.28,0.1,0.0,0.0,0.0,1.32,10.28,0.1
2025-01-26 23:38:24.486054,834.4,834.0,100.0,1.32,10.28,0.1,0.0,0.0,0.0,1.32,10.28,0.1
2025-01-26 23:38:24.498056,834.4,834.0,100.0,1.32,10.28,0.1,0.0,0.0,0.0,1.32,10.28,0.1
2025-01-26 23:38:24.510195,834.4,834.0,100.0,1.32,10.28,0.1,0.0,0.0,0.0,1.32,10.28,0.1
2025-01-26 23:38:24.519611,834.4,834.0,100.0,1.32,10.28,0.1,0.0,0.0,0.0,1.32,10.28,0.1
2025-01-26 23:38:24.530002,834.4,834.0,100.0,1.32,10.28,0.1,0.0,0.0,0.0,1.32,10.28,0.1
2025-01-26 23:38:24.541001,834.4,834.0,100.0,1.32,10.28,0.1,0.0,0.0,0.0,1.32,10.28,0.1
2025-01-26 23:38:24.552001,834.4,834.0,100.0,1.32,10.28,0.1,0.0,0.0,0.0,1.32,10.28,0.1
2025-01-26 23:38:24.563001,834.4,834.0,100.0,1.32,10.28,0.1,0.0,0.0,0.0,1.32,10.28,0.1
2025-01-26 23:38:24.574001,834.4,834.0,100.0,1.32,10.28,0.1,0.0,0.0,0.0,1.32,10.28,0.1
2025-01-26 23:38:24.585003,834.4,834.0,100.0,1.32,10.28,0.1,0.0,0.0,0.0,1.32,10.28,0.1
2025-01-26 23:38:24.596009,834.4,834.0,100.0,1.32,10.28,0.1,0.0,0.0,0.0,1.32,10.28,0.1
2025-01-26 23:38:24.607008,834.4,834.0,100.0,1.32,10.28,0.1,0.0,0.0,0.0,1.32,10.28,0.1
2025-01-26 23:38:24.618003,834.4,834.0,100.0,1.32,10.28,0.1,0.0,0.0,0.0,1.32,10.28,0.1
2025-01-26 23:38:24.629003,834.4,834.0,100.0,1.32,10.28,0.1,0.0,0.0,0.0,1.32,10.28,0.1
2025-01-26 23:38:24.640003,834.4,834.0,100.0,1.32,10.28,0.1,0.0,0.0,0.0,1.32,10.28,0.1
2025-01-26 23:38:24.651002,834.4,834.0,100.0,1.32,10.28,0.1,0.0,0.0,0.0,1.32,10.28,0.1
2025-01-26 23:38:24.662003,834.4,834.0,100.0,1.32,10.28,0.1,0.0,0.0,0.0,1.32,10.28,0.1
2025-01-26 23:38:24.673003,834.4,834.0,100.0,1.32,10.28,0.1,0.0,0.0,0.0,1.32,10.28,0.1
2025-01-26 23:38:24.684004,834.4,834.0,100.0,1.32,10.28,0.1,0.0,0.0,0.0,1.32,10.28,0.1
2025-01-26 23:38:24.695125,834.4,834.0,100.0,1.32,10.28,0.1,0.0,0.0,0.0,1.32,10.28,0.1
2025-01-26 23:38:24.707054,834.4,834.0,100.0,1.32,10.28,0.1,0.0,0.0,0.0,1.32,10.28,0.1
2025-01-26 23:38:24.717051,834.4,834.0,100.0,1.32,10.28,0.1,0.0,0.0,0.0,1.32,10.28,0.1
2025-01-26 23:38:24.728054,834.4,834.0,100.0,1.32,10.28,0.1,0.0,0.0,0.0,1.32,10.28,0.1
2025-01-26 23:38:24.739057,834.4,834.0,100.0,1.32,10.28,0.1,0.0,0.0,0.0,1.32,10.28,0.1
2025-01-26 23:38:24.749588,834.4,834.0,100.0,1.32,10.28,0.1,0.0,0.0,0.0,1.32,10.28,0.1
2025-01-26 23:38:24.761583,834.4,834.0,100.0,1.32,10.28,0.1,0.0,0.0,0.0,1.32,10.28,0.1
2025-01-26 23:38:24.772584,834.4,834.0,100.0,1.32,10.28,0.1,0.0,0.0,0.0,1.32,10.28,0.1
2025-01-26 23:38:24.782639,834.4,834.0,100.0,1.32,10.28,0.1,0.0,0.0,0.0,1.32,10.28,0.1
2025-01-26 23:38:24.793638,834.4,834.0,100.0,1.32,10.28,0.1,0.0,0.0,0.0,1.32,10.28,0.1
2025-01-26 23:38:24.804633,834.4,834.0,100.0,1.32,10.28,0.1,0.0,0.0,0.0,1.32,10.28,0.1
2025-01-26 23:38:24.815711,834.4,834.0,100.0,1.32,10.28,0.1,0.0,0.0,0.0,1.32,10.28,0.1
2025-01-26 23:38:24.826701,834.4,834.0,100.0,1.32,10.28,0.1,0.0,0.0,0.0,1.32,10.28,0.1
2025-01-26 23:38:24.838727,1668.8,834.0,100.0,1.32,10.28,0.1,0.0,0.0,0.0,1.32,10.28,0.1
2025-01-26 23:38:24.855911,1668.8,842.0,100.0,1.32,10.28,0.1,0.0,0.0,0.0,1.32,10.28,0.1
2025-01-26 23:38:24.865916,1668.8,866.0,100.0,1.32,10.28,0.1,0.0,0.0,0.0,1.32,10.28,0.1
2025-01-26 23:38:24.874912,1668.8,898.0,100.0,1.32,10.28,0.1,0.0,0.0,0.0,1.32,10.28,0.1
2025-01-26 23:38:24.884919,1668.8,939.0,100.0,1.32,10.28,0.1,0.0,0.0,0.0,1.32,10.28,0.1
2025-01-26 23:38:24.895917,1668.8,984.0,100.0,1.32,10.28,0.1,0.0,0.0,0.0,1.32,10.28,0.1
2025-01-26 23:38:24.905915,1668.8,1034.0,100.0,1.32,10.28,0.1,0.0,0.0,0.0,1.32,10.28,0.1
2025-01-26 23:38:24.916916,1668.8,1086.0,100.0,1.32,10.28,0.1,0.0,0.0,0.0,1.32,10.28,0.1
2025-01-26 23:38:24.926909,1668.8,1140.0,100.0,1.32,10.28,0.1,0.0,0.0,0.0,1.32,10.28,0.1
2025-01-26 23:38:24.937911,1668.8,1195.0,100.0,1.32,10.28,0.1,0.0,0.0,0.0,1.32,10.28,0.1
2025-01-26 23:38:24.948916,1668.8,1252.0,80.18,1.32,10.28,0.1,0.0,0.0,0.0,1.32,10.28,0.1
2025-01-26 23:38:24.959098,1668.8,1309.0,4.94,1.32,10.28,0.1,0.0,0.0,0.0,1.32,10.28,0.1
2025-01-26 23:38:24.970108,1668.8,1365.0,-58.98,1.32,10.28,0.1,0.0,0.0,0.0,1.32,10.28,0.1
2025-01-26 23:38:24.982099,1668.8,1411.0,-19.7,1.32,10.28,0.1,0.0,0.0,0.0,1.32,10.28,0.1
2025-01-26 23:38:24.993103,1668.8,1445.0,55.42,1.32,10.28,0.1,0.0,0.0,0.0,1.32,10.28,0.1
2025-01-26 23:38:25.003430,1668.8,1477.0,33.18,1.32,10.28,0.1,0.0,0.0,0.0,1.32,10.28,0.1
2025-01-26 23:38:25.013698,1668.8,1512.0,-43.02,1.32,10.28,0.1,0.0,0.0,0.0,1.32,10.28,0.1
2025-01-26 23:38:25.025113,1668.8,1540.0,-9.98,1.32,10.28,0.1,0.0,0.0,0.0,1.32,10.28,0.1
2025-01-26 23:38:25.035908,1668.8,1562.0,20.98,1.32,10.28,0.1,0.0,0.0,0.0,1.32,10.28,0.1
2025-01-26 23:38:25.046908,1668.8,1583.0,3.26,1.32,10.28,0.1,0.0,0.0,0.0,1.32,10.28,0.1
2025-01-26 23:38:25.057919,1668.8,1603.0,-13.14,1.32,10.28,0.1,0.0,0.0,0.0,1.32,10.28,0.1
2025-01-26 23:38:25.068908,1668.8,1621.0,-16.9,1.32,10.28,0.1,0.0,0.0,0.0,1.32,10.28,0.1
2025-01-26 23:38:25.079908,1668.8,1636.0,-6.7,1.32,10.28,0.1,0.0,0.0,0.0,1.32,10.28,0.1
2025-01-26 23:38:25.090914,1668.8,1648.0,7.46,1.32,10.28,0.1,0.0,0.0,0.0,1.32,10.28,0.1
2025-01-26 23:38:25.101913,1668.8,1659.0,2.94,1.32,10.28,0.1,0.0,0.0,0.0,1.32,10.28,0.1
2025-01-26 23:38:25.112902,1668.8,1669.0,-0.28,1.32,10.28,0.1,0.0,0.0,0.0,1.32,10.28,0.1
2025-01-26 23:38:25.128908,1668.8,1677.0,8.31,1.32,10.28,0.1,0.0,0.0,0.0,1.32,10.28,0.1
2025-01-26 23:38:25.144611,1668.8,1685.0,-3.91,1.32,10.28,0.1,0.0,0.0,0.0,1.32,10.28,0.1
2025-01-26 23:38:25.156611,1668.8,1691.0,5.89,1.32,10.28,0.1,0.0,0.0,0.0,1.32,10.28,0.1
2025-01-26 23:38:25.169606,1668.8,1697.0,-4.93,1.32,10.28,0.1,0.0,0.0,0.0,1.32,10.28,0.1
2025-01-26 23:38:25.181611,1668.8,1701.0,6.48,1.32,10.28,0.1,0.0,0.0,0.0,1.32,10.28,0.1
2025-01-26 23:38:25.190611,1668.8,1704.0,8.9,1.32,10.28,0.1,0.0,0.0,0.0,1.32,10.28,0.1
2025-01-26 23:38:25.202130,1668.8,1706.0,12.43,1.32,10.28,0.1,0.0,0.0,0.0,1.32,10.28,0.1
2025-01-26 23:38:25.215231,1668.8,1709.0,-5.66,1.32,10.28,0.1,0.0,0.0,0.0,1.32,10.28,0.1
2025-01-26 23:38:25.225141,1668.8,1710.0,8.79,1.32,10.28,0.1,0.0,0.0,0.0,1.32,10.28,0.1
2025-01-26 23:38:25.237148,1668.8,1711.0,3.13,1.32,10.28,0.1,0.0,0.0,0.0,1.32,10.28,0.1
2025-01-26 23:38:25.249141,1668.8,1711.0,8.79,1.32,10.28,0.1,0.0,0.0,0.0,1.32,10.28,0.1
2025-01-26 23:38:25.255148,1668.8,1711.0,4.45,1.32,10.28,0.1,0.0,0.0,0.0,1.32,10.28,0.1
2025-01-26 23:38:25.263145,1668.8,1711.0,0.11,1.32,10.28,0.1,0.0,0.0,0.0,1.32,10.28,0.1
2025-01-26 23:38:25.273144,1668.8,1711.0,-4.23,1.32,10.28,0.1,0.0,0.0,0.0,1.32,10.28,0.1
2025-01-26 23:38:25.283141,1668.8,1711.0,-8.56,1.32,10.28,0.1,0.0,0.0,0.0,1.32,10.28,0.1
2025-01-26 23:38:25.294179,1668.8,1711.0,-12.9,1.32,10.28,0.1,0.0,0.0,0.0,1.32,10.28,0.1
2025-01-26 23:38:25.304180,1668.8,1711.0,-17.24,1.32,10.28,0.1,0.0,0.0,0.0,1.32,10.28,0.1
2025-01-26 23:38:25.313187,1668.8,1711.0,-21.58,1.32,10.28,0.1,0.0,0.0,0.0,1.32,10.28,0.1
2025-01-26 23:38:25.324567,1668.8,1709.0,-3.07,1.32,10.28,0.1,0.0,0.0,0.0,1.32,10.28,0.1
2025-01-26 23:38:25.335096,1668.8,1707.0,-4.36,1.32,10.28,0.1,0.0,0.0,0.0,1.32,10.28,0.1
2025-01-26 23:38:25.346094,1668.8,1706.0,-16.86,1.32,10.28,0.1,0.0,0.0,0.0,1.32,10.28,0.1
2025-01-26 23:38:25.356095,1668.8,1706.0,-30.69,1.32,10.28,0.1,0.0,0.0,0.0,1.32,10.28,0.1
2025-01-26 23:38:25.366095,1668.8,1706.0,-34.51,1.32,10.28,0.1,0.0,0.0,0.0,1.32,10.28,0.1
2025-01-26 23:38:25.377093,1668.8,1702.0,7.36,1.32,10.28,0.1,0.0,0.0,0.0,1.32,10.28,0.1
2025-01-26 23:38:25.388094,1668.8,1698.0,9.64,1.32,10.28,0.1,0.0,0.0,0.0,1.32,10.28,0.1
2025-01-26 23:38:25.400092,1668.8,1695.0,0.9,1.32,10.28,0.1,0.0,0.0,0.0,1.32,10.28,0.1
2025-01-26 23:38:25.412090,1668.8,1693.0,-8.95,1.32,10.28,0.1,0.0,0.0,0.0,1.32,10.28,0.1
2025-01-26 23:38:25.422094,1668.8,1693.0,-31.43,1.32,10.28,0.1,0.0,0.0,0.0,1.32,10.28,0.1
2025-01-26 23:38:25.434089,1668.8,1692.0,-22.5,1.32,10.28,0.1,0.0,0.0,0.0,1.32,10.28,0.1
2025-01-26 23:38:25.446094,1668.8,1688.0,10.81,1.32,10.28,0.1,0.0,0.0,0.0,1.32,10.28,0.1
2025-01-26 23:38:25.457095,1668.8,1685.0,3.1,1.32,10.28,0.1,0.0,0.0,0.0,1.32,10.28,0.1
2025-01-26 23:38:25.468103,1668.8,1683.0,-5.72,1.32,10.28,0.1,0.0,0.0,0.0,1.32,10.28,0.1
2025-01-26 23:38:25.479102,1668.8,1683.0,-27.18,1.32,10.28,0.1,0.0,0.0,0.0,1.32,10.28,0.1
2025-01-26 23:38:25.492130,1668.8,1681.0,-5.79,1.32,10.28,0.1,0.0,0.0,0.0,1.32,10.28,0.1
2025-01-26 23:38:25.502820,1668.8,1679.0,-4.2,1.32,10.28,0.1,0.0,0.0,0.0,1.32,10.28,0.1
2025-01-26 23:38:25.513825,1668.8,1678.0,-13.83,1.32,10.28,0.1,0.0,0.0,0.0,1.32,10.28,0.1
2025-01-26 23:38:25.524819,1668.8,1678.0,-24.77,1.32,10.28,0.1,0.0,0.0,0.0,1.32,10.28,0.1
2025-01-26 23:38:25.535825,1668.8,1678.0,-25.72,1.32,10.28,0.1,0.0,0.0,0.0,1.32,10.28,0.1
2025-01-26 23:38:25.546819,1668.8,1676.0,-3.82,1.32,10.28,0.1,0.0,0.0,0.0,1.32,10.28,0.1
2025-01-26 23:38:25.558061,1668.8,1674.0,-1.71,1.32,10.28,0.1,0.0,0.0,0.0,1.32,10.28,0.1
2025-01-26 23:38:25.570056,1668.8,1673.0,-10.82,1.32,10.28,0.1,0.0,0.0,0.0,1.32,10.28,0.1
2025-01-26 23:38:25.579054,1668.8,1673.0,-21.26,1.32,10.28,0.1,0.0,0.0,0.0,1.32,10.28,0.1
2025-01-26 23:38:25.591056,1668.8,1672.0,-10.26,1.32,10.28,0.1,0.0,0.0,0.0,1.32,10.28,0.1
2025-01-26 23:38:25.600055,1668.8,1670.0,2.25,1.32,10.28,0.1,0.0,0.0,0.0,1.32,10.28,0.1
2025-01-26 23:38:25.609056,1668.8,1669.0,-6.45,1.32,10.28,0.1,0.0,0.0,0.0,1.32,10.28,0.1
2025-01-26 23:38:25.620055,1668.8,1669.0,-16.47,1.32,10.28,0.1,0.0,0.0,0.0,1.32,10.28,0.1
2025-01-26 23:38:25.630061,1668.8,1669.0,-16.49,1.32,10.28,0.1,0.0,0.0,0.0,1.32,10.28,0.1
2025-01-26 23:38:25.640056,1668.8,1669.0,-16.51,1.32,10.28,0.1,0.0,0.0,0.0,1.32,10.28,0.1
2025-01-26 23:38:25.651052,1668.8,1669.0,-16.53,1.32,10.28,0.1,0.0,0.0,0.0,1.32,10.28,0.1
2025-01-26 23:38:25.662056,1668.8,1669.0,-16.55,1.32,10.28,0.1,0.0,0.0,0.0,1.32,10.28,0.1
2025-01-26 23:38:25.673117,1668.8,1669.0,-16.57,1.32,10.28,0.1,0.0,0.0,0.0,1.32,10.28,0.1
2025-01-26 23:38:25.684118,1668.8,1669.0,-16.59,1.32,10.28,0.1,0.0,0.0,0.0,1.32,10.28,0.1
2025-01-26 23:38:25.695136,1668.8,1669.0,-16.61,1.32,10.28,0.1,0.0,0.0,0.0,1.32,10.28,0.1
2025-01-26 23:38:25.706051,1668.8,1669.0,-16.63,1.32,10.28,0.1,0.0,0.0,0.0,1.32,10.28,0.1
2025-01-26 23:38:25.717055,1668.8,1669.0,-16.65,1.32,10.28,0.1,0.0,0.0,0.0,1.32,10.28,0.1
2025-01-26 23:38:25.728056,1668.8,1669.0,-16.67,1.32,10.28,0.1,0.0,0.0,0.0,1.32,10.28,0.1
2025-01-26 23:38:25.739058,1668.8,1669.0,-16.69,1.32,10.28,0.1,0.0,0.0,0.0,1.32,10.28,0.1
2025-01-26 23:38:25.750056,1668.8,1669.0,-16.72,1.32,10.28,0.1,0.0,0.0,0.0,1.32,10.28,0.1
2025-01-26 23:38:25.761059,1668.8,1669.0,-16.74,1.32,10.28,0.1,0.0,0.0,0.0,1.32,10.28,0.1
2025-01-26 23:38:25.772060,1668.8,1669.0,-16.76,1.32,10.28,0.1,0.0,0.0,0.0,1.32,10.28,0.1
2025-01-26 23:38:25.783056,1668.8,1669.0,-16.78,1.32,10.28,0.1,0.0,0.0,0.0,1.32,10.28,0.1
2025-01-26 23:38:25.794051,1668.8,1669.0,-16.8,1.32,10.28,0.1,0.0,0.0,0.0,1.32,10.28,0.1
2025-01-26 23:38:25.805051,1668.8,1669.0,-16.82,1.32,10.28,0.1,0.0,0.0,0.0,1.32,10.28,0.1
2025-01-26 23:38:25.816057,1668.8,1669.0,-16.84,1.32,10.28,0.1,0.0,0.0,0.0,1.32,10.28,0.1
2025-01-26 23:38:25.827056,1668.8,1669.0,-16.86,1.32,10.28,0.1,0.0,0.0,0.0,1.32,10.28,0.1
2025-01-26 23:38:25.838056,1668.8,1669.0,-16.88,1.32,10.28,0.1,0.0,0.0,0.0,1.32,10.28,0.1
2025-01-26 23:38:25.850051,1668.8,1669.0,-16.9,1.32,10.28,0.1,0.0,0.0,0.0,1.32,10.28,0.1
2025-01-26 23:38:25.860056,1668.8,1669.0,-16.92,1.32,10.28,0.1,0.0,0.0,0.0,1.32,10.28,0.1
2025-01-26 23:38:25.871058,1668.8,1669.0,-16.94,1.32,10.28,0.1,0.0,0.0,0.0,1.32,10.28,0.1
2025-01-26 23:38:25.883056,1668.8,1669.0,-16.96,1.32,10.28,0.1,0.0,0.0,0.0,1.32,10.28,0.1
2025-01-26 23:38:25.895059,1668.8,1669.0,-16.98,1.32,10.28,0.1,0.0,0.0,0.0,1.32,10.28,0.1
2025-01-26 23:38:25.905051,1668.8,1669.0,-17.0,1.32,10.28,0.1,0.0,0.0,0.0,1.32,10.28,0.1
2025-01-26 23:38:25.915052,1668.8,1669.0,-17.02,1.32,10.28,0.1,0.0,0.0,0.0,1.32,10.28,0.1
2025-01-26 23:38:25.926057,1668.8,1669.0,-17.04,1.32,10.28,0.1,0.0,0.0,0.0,1.32,10.28,0.1
2025-01-26 23:38:25.937051,1668.8,1669.0,-17.06,1.32,10.28,0.1,0.0,0.0,0.0,1.32,10.28,0.1
2025-01-26 23:38:25.948060,1668.8,1669.0,-17.09,1.32,10.28,0.1,0.0,0.0,0.0,1.32,10.28,0.1
2025-01-26 23:38:25.959056,1668.8,1669.0,-17.11,1.32,10.28,0.1,0.0,0.0,0.0,1.32,10.28,0.1
2025-01-26 23:38:25.970054,1668.8,1669.0,-17.13,1.32,10.28,0.1,0.0,0.0,0.0,1.32,10.28,0.1
2025-01-26 23:38:25.980605,1668.8,1669.0,-17.15,1.32,10.28,0.1,0.0,0.0,0.0,1.32,10.28,0.1
2025-01-26 23:38:25.992608,1668.8,1669.0,-17.17,1.32,10.28,0.1,0.0,0.0,0.0,1.32,10.28,0.1
2025-01-26 23:38:26.002614,1668.8,1669.0,-17.19,1.32,10.28,0.1,0.0,0.0,0.0,1.32,10.28,0.1
2025-01-26 23:38:26.013616,1668.8,1669.0,-17.21,1.32,10.28,0.1,0.0,0.0,0.0,1.32,10.28,0.1
2025-01-26 23:38:26.024615,1668.8,1669.0,-17.23,1.32,10.28,0.1,0.0,0.0,0.0,1.32,10.28,0.1
2025-01-26 23:38:26.035613,1668.8,1669.0,-17.25,1.32,10.28,0.1,0.0,0.0,0.0,1.32,10.28,0.1
2025-01-26 23:38:26.046619,1668.8,1669.0,-17.27,1.32,10.28,0.1,0.0,0.0,0.0,1.32,10.28,0.1
2025-01-26 23:38:26.057231,1668.8,1669.0,-17.29,1.32,10.28,0.1,0.0,0.0,0.0,1.32,10.28,0.1
2025-01-26 23:38:26.068583,1668.8,1669.0,-17.31,1.32,10.28,0.1,0.0,0.0,0.0,1.32,10.28,0.1
2025-01-26 23:38:26.079579,1668.8,1669.0,-17.33,1.32,10.28,0.1,0.0,0.0,0.0,1.32,10.28,0.1
2025-01-26 23:38:26.091578,1668.8,1669.0,-17.35,1.32,10.28,0.1,0.0,0.0,0.0,1.32,10.28,0.1
2025-01-26 23:38:26.102577,1668.8,1669.0,-17.37,1.32,10.28,0.1,0.0,0.0,0.0,1.32,10.28,0.1
2025-01-26 23:38:26.113578,1668.8,1669.0,-17.39,1.32,10.28,0.1,0.0,0.0,0.0,1.32,10.28,0.1
2025-01-26 23:38:26.123577,1668.8,1669.0,-17.41,1.32,10.28,0.1,0.0,0.0,0.0,1.32,10.28,0.1
2025-01-26 23:38:26.134578,1668.8,1669.0,-17.43,1.32,10.28,0.1,0.0,0.0,0.0,1.32,10.28,0.1
2025-01-26 23:38:26.145658,1668.8,1669.0,-17.46,1.32,10.28,0.1,0.0,0.0,0.0,1.32,10.28,0.1
2025-01-26 23:38:26.157344,1668.8,1669.0,-17.48,1.32,10.28,0.1,0.0,0.0,0.0,1.32,10.28,0.1
2025-01-26 23:38:26.168023,1668.8,1669.0,-17.5,1.32,10.28,0.1,0.0,0.0,0.0,1.32,10.28,0.1
2025-01-26 23:38:26.178967,1668.8,1669.0,-17.52,1.32,10.28,0.1,0.0,0.0,0.0,1.32,10.28,0.1
2025-01-26 23:38:26.189963,1668.8,1669.0,-17.54,1.32,10.28,0.1,0.0,0.0,0.0,1.32,10.28,0.1
2025-01-26 23:38:26.200972,1668.8,1669.0,-17.56,1.32,10.28,0.1,0.0,0.0,0.0,1.32,10.28,0.1
2025-01-26 23:38:26.212960,1668.8,1669.0,-17.58,1.32,10.28,0.1,0.0,0.0,0.0,1.32,10.28,0.1
2025-01-26 23:38:26.222967,1668.8,1669.0,-17.6,1.32,10.28,0.1,0.0,0.0,0.0,1.32,10.28,0.1
2025-01-26 23:38:26.233970,1668.8,1669.0,-17.62,1.32,10.28,0.1,0.0,0.0,0.0,1.32,10.28,0.1
2025-01-26 23:38:26.244967,1668.8,1669.0,-17.64,1.32,10.28,0.1,0.0,0.0,0.0,1.32,10.28,0.1
2025-01-26 23:38:26.255967,1668.8,1669.0,-17.66,1.32,10.28,0.1,0.0,0.0,0.0,1.32,10.28,0.1
2025-01-26 23:38:26.266962,1668.8,1669.0,-17.68,1.32,10.28,0.1,0.0,0.0,0.0,1.32,10.28,0.1
2025-01-26 23:38:26.277962,1668.8,1669.0,-17.7,1.32,10.28,0.1,0.0,0.0,0.0,1.32,10.28,0.1
2025-01-26 23:38:26.288961,1668.8,1669.0,-17.72,1.32,10.28,0.1,0.0,0.0,0.0,1.32,10.28,0.1
2025-01-26 23:38:26.299966,1668.8,1669.0,-17.74,1.32,10.28,0.1,0.0,0.0,0.0,1.32,10.28,0.1
2025-01-26 23:38:26.310972,1668.8,1669.0,-17.76,1.32,10.28,0.1,0.0,0.0,0.0,1.32,10.28,0.1
2025-01-26 23:38:26.321973,1668.8,1669.0,-17.78,1.32,10.28,0.1,0.0,0.0,0.0,1.32,10.28,0.1
2025-01-26 23:38:26.333969,1668.8,1669.0,-17.8,1.32,10.28,0.1,0.0,0.0,0.0,1.32,10.28,0.1
2025-01-26 23:38:26.343970,1668.8,1669.0,-17.83,1.32,10.28,0.1,0.0,0.0,0.0,1.32,10.28,0.1
2025-01-26 23:38:26.355029,1668.8,1669.0,-17.85,1.32,10.28,0.1,0.0,0.0,0.0,1.32,10.28,0.1
2025-01-26 23:38:26.365632,1668.8,1669.0,-17.87,1.32,10.28,0.1,0.0,0.0,0.0,1.32,10.28,0.1
2025-01-26 23:38:26.376632,1668.8,1669.0,-17.89,1.32,10.28,0.1,0.0,0.0,0.0,1.32,10.28,0.1
2025-01-26 23:38:26.387627,1668.8,1669.0,-17.91,1.32,10.28,0.1,0.0,0.0,0.0,1.32,10.28,0.1
2025-01-26 23:38:26.398636,1668.8,1669.0,-17.93,1.32,10.28,0.1,0.0,0.0,0.0,1.32,10.28,0.1
2025-01-26 23:38:26.409627,1668.8,1669.0,-17.95,1.32,10.28,0.1,0.0,0.0,0.0,1.32,10.28,0.1
2025-01-26 23:38:26.420631,1668.8,1669.0,-17.97,1.32,10.28,0.1,0.0,0.0,0.0,1.32,10.28,0.1
2025-01-26 23:38:26.432627,1668.8,1669.0,-17.99,1.32,10.28,0.1,0.0,0.0,0.0,1.32,10.28,0.1
2025-01-26 23:38:26.442633,1668.8,1669.0,-18.01,1.32,10.28,0.1,0.0,0.0,0.0,1.32,10.28,0.1
2025-01-26 23:38:26.453633,1668.8,1669.0,-18.03,1.32,10.28,0.1,0.0,0.0,0.0,1.32,10.28,0.1
2025-01-26 23:38:26.464636,1668.8,1669.0,-18.05,1.32,10.28,0.1,0.0,0.0,0.0,1.32,10.28,0.1
2025-01-26 23:38:26.476104,1668.8,1669.0,-18.07,1.32,10.28,0.1,0.0,0.0,0.0,1.32,10.28,0.1
2025-01-26 23:38:26.487104,1668.8,1669.0,-18.09,1.32,10.28,0.1,0.0,0.0,0.0,1.32,10.28,0.1
2025-01-26 23:38:26.498105,1668.8,1669.0,-18.11,1.32,10.28,0.1,0.0,0.0,0.0,1.32,10.28,0.1
2025-01-26 23:38:26.510099,1668.8,1669.0,-18.13,1.32,10.28,0.1,0.0,0.0,0.0,1.32,10.28,0.1
2025-01-26 23:38:26.520102,1668.8,1669.0,-18.15,1.32,10.28,0.1,0.0,0.0,0.0,1.32,10.28,0.1
2025-01-26 23:38:26.531100,1668.8,1669.0,-18.17,1.32,10.28,0.1,0.0,0.0,0.0,1.32,10.28,0.1
2025-01-26 23:38:26.544109,1668.8,1669.0,-18.2,1.32,10.28,0.1,0.0,0.0,0.0,1.32,10.28,0.1
2025-01-26 23:38:26.553883,1668.8,1669.0,-18.22,1.32,10.28,0.1,0.0,0.0,0.0,1.32,10.28,0.1
2025-01-26 23:38:26.564111,1668.8,1669.0,-18.24,1.32,10.28,0.1,0.0,0.0,0.0,1.32,10.28,0.1
2025-01-26 23:38:26.574581,1668.8,1669.0,-18.26,1.32,10.28,0.1,0.0,0.0,0.0,1.32,10.28,0.1
2025-01-26 23:38:26.585583,1668.8,1669.0,-18.28,1.32,10.28,0.1,0.0,0.0,0.0,1.32,10.28,0.1
2025-01-26 23:38:26.596585,1668.8,1669.0,-18.3,1.32,10.28,0.1,0.0,0.0,0.0,1.32,10.28,0.1
2025-01-26 23:38:26.607587,1668.8,1669.0,-18.32,1.32,10.28,0.1,0.0,0.0,0.0,1.32,10.28,0.1
2025-01-26 23:38:26.618584,1668.8,1669.0,-18.34,1.32,10.28,0.1,0.0,0.0,0.0,1.32,10.28,0.1
2025-01-26 23:38:26.630290,1668.8,1669.0,-18.36,1.32,10.28,0.1,0.0,0.0,0.0,1.32,10.28,0.1
2025-01-26 23:38:26.641283,1668.8,1669.0,-18.38,1.32,10.28,0.1,0.0,0.0,0.0,1.32,10.28,0.1
2025-01-26 23:38:26.652298,1668.8,1669.0,-18.4,1.32,10.28,0.1,0.0,0.0,0.0,1.32,10.28,0.1
2025-01-26 23:38:26.662294,1668.8,1669.0,-18.42,1.32,10.28,0.1,0.0,0.0,0.0,1.32,10.28,0.1
2025-01-26 23:38:26.673287,1668.8,1669.0,-18.44,1.32,10.28,0.1,0.0,0.0,0.0,1.32,10.28,0.1
2025-01-26 23:38:26.685289,1668.8,1669.0,-18.46,1.32,10.28,0.1,0.0,0.0,0.0,1.32,10.28,0.1
2025-01-26 23:38:26.695998,1668.8,1669.0,-18.48,1.32,10.28,0.1,0.0,0.0,0.0,1.32,10.28,0.1
2025-01-26 23:38:26.707507,1668.8,1669.0,-18.5,1.32,10.28,0.1,0.0,0.0,0.0,1.32,10.28,0.1
2025-01-26 23:38:26.718027,1668.8,1669.0,-18.52,1.32,10.28,0.1,0.0,0.0,0.0,1.32,10.28,0.1
2025-01-26 23:38:26.729028,1668.8,1669.0,-18.54,1.32,10.28,0.1,0.0,0.0,0.0,1.32,10.28,0.1
2025-01-26 23:38:26.740023,1668.8,1669.0,-18.57,1.32,10.28,0.1,0.0,0.0,0.0,1.32,10.28,0.1
2025-01-26 23:38:26.751029,1668.8,1669.0,-18.59,1.32,10.28,0.1,0.0,0.0,0.0,1.32,10.28,0.1
2025-01-26 23:38:26.762045,1668.8,1669.0,-18.61,1.32,10.28,0.1,0.0,0.0,0.0,1.32,10.28,0.1
2025-01-26 23:38:26.773022,1668.8,1669.0,-18.63,1.32,10.28,0.1,0.0,0.0,0.0,1.32,10.28,0.1
2025-01-26 23:38:26.784038,1668.8,1669.0,-18.65,1.32,10.28,0.1,0.0,0.0,0.0,1.32,10.28,0.1
2025-01-26 23:38:26.795098,1668.8,1669.0,-18.67,1.32,10.28,0.1,0.0,0.0,0.0,1.32,10.28,0.1
2025-01-26 23:38:26.806034,1668.8,1669.0,-18.69,1.32,10.28,0.1,0.0,0.0,0.0,1.32,10.28,0.1
2025-01-26 23:38:26.818027,1668.8,1669.0,-18.71,1.32,10.28,0.1,0.0,0.0,0.0,1.32,10.28,0.1
2025-01-26 23:38:26.828032,1668.8,1669.0,-18.73,1.32,10.28,0.1,0.0,0.0,0.0,1.32,10.28,0.1
2025-01-26 23:38:26.839033,1668.8,1669.0,-18.75,1.32,10.28,0.1,0.0,0.0,0.0,1.32,10.28,0.1
2025-01-26 23:38:26.850034,1668.8,1669.0,-18.77,1.32,10.28,0.1,0.0,0.0,0.0,1.32,10.28,0.1
2025-01-26 23:38:26.861028,1668.8,1669.0,-18.79,1.32,10.28,0.1,0.0,0.0,0.0,1.32,10.28,0.1
2025-01-26 23:38:26.872031,1668.8,1669.0,-18.81,1.32,10.28,0.1,0.0,0.0,0.0,1.32,10.28,0.1
2025-01-26 23:38:26.883035,1668.8,1669.0,-18.83,1.32,10.28,0.1,0.0,0.0,0.0,1.32,10.28,0.1
2025-01-26 23:38:26.894028,1668.8,1669.0,-18.85,1.32,10.28,0.1,0.0,0.0,0.0,1.32,10.28,0.1
2025-01-26 23:38:26.905027,1668.8,1669.0,-18.87,1.32,10.28,0.1,0.0,0.0,0.0,1.32,10.28,0.1
2025-01-26 23:38:26.916027,1668.8,1669.0,-18.89,1.32,10.28,0.1,0.0,0.0,0.0,1.32,10.28,0.1
2025-01-26 23:38:26.927024,1668.8,1669.0,-18.91,1.32,10.28,0.1,0.0,0.0,0.0,1.32,10.28,0.1
2025-01-26 23:38:26.938024,1668.8,1669.0,-18.94,1.32,10.28,0.1,0.0,0.0,0.0,1.32,10.28,0.1
2025-01-26 23:38:26.949027,1668.8,1669.0,-18.96,1.32,10.28,0.1,0.0,0.0,0.0,1.32,10.28,0.1
2025-01-26 23:38:26.960021,1668.8,1669.0,-18.98,1.32,10.28,0.1,0.0,0.0,0.0,1.32,10.28,0.1
2025-01-26 23:38:26.971097,1668.8,1669.0,-19.0,1.32,10.28,0.1,0.0,0.0,0.0,1.32,10.28,0.1
2025-01-26 23:38:26.982088,1668.8,1669.0,-19.02,1.32,10.28,0.1,0.0,0.0,0.0,1.32,10.28,0.1
2025-01-26 23:38:26.993102,1668.8,1669.0,-19.04,1.32,10.28,0.1,0.0,0.0,0.0,1.32,10.28,0.1
2025-01-26 23:38:27.005093,1668.8,1669.0,-19.06,1.32,10.28,0.1,0.0,0.0,0.0,1.32,10.28,0.1
2025-01-26 23:38:27.015092,1668.8,1669.0,-19.08,1.32,10.28,0.1,0.0,0.0,0.0,1.32,10.28,0.1
2025-01-26 23:38:27.026100,1668.8,1669.0,-19.1,1.32,10.28,0.1,0.0,0.0,0.0,1.32,10.28,0.1
2025-01-26 23:38:27.037098,1668.8,1669.0,-19.12,1.32,10.28,0.1,0.0,0.0,0.0,1.32,10.28,0.1
2025-01-26 23:38:27.048092,1668.8,1669.0,-19.14,1.32,10.28,0.1,0.0,0.0,0.0,1.32,10.28,0.1
2025-01-26 23:38:27.059088,1668.8,1669.0,-19.16,1.32,10.28,0.1,0.0,0.0,0.0,1.32,10.28,0.1
2025-01-26 23:38:27.071093,1668.8,1669.0,-19.18,1.32,10.28,0.1,0.0,0.0,0.0,1.32,10.28,0.1
2025-01-26 23:38:27.081088,1668.8,1669.0,-19.2,1.32,10.28,0.1,0.0,0.0,0.0,1.32,10.28,0.1
2025-01-26 23:38:27.091884,1668.8,1669.0,-19.22,1.32,10.28,0.1,0.0,0.0,0.0,1.32,10.28,0.1
2025-01-26 23:38:27.102879,1668.8,1669.0,-19.24,1.32,10.28,0.1,0.0,0.0,0.0,1.32,10.28,0.1
2025-01-26 23:38:27.115882,1668.8,1669.0,-19.26,1.32,10.28,0.1,0.0,0.0,0.0,1.32,10.28,0.1
2025-01-26 23:38:27.127879,1668.8,1669.0,-19.28,1.32,10.28,0.1,0.0,0.0,0.0,1.32,10.28,0.1
2025-01-26 23:38:27.137885,1668.8,1669.0,-19.31,1.32,10.28,0.1,0.0,0.0,0.0,1.32,10.28,0.1
2025-01-26 23:38:27.146878,1668.8,1669.0,-19.33,1.32,10.28,0.1,0.0,0.0,0.0,1.32,10.28,0.1
2025-01-26 23:38:27.157888,1668.8,1669.0,-19.35,1.32,10.28,0.1,0.0,0.0,0.0,1.32,10.28,0.1
2025-01-26 23:38:27.168498,1668.8,1669.0,-19.37,1.32,10.28,0.1,0.0,0.0,0.0,1.32,10.28,0.1
2025-01-26 23:38:27.179497,1668.8,1669.0,-19.39,1.32,10.28,0.1,0.0,0.0,0.0,1.32,10.28,0.1
2025-01-26 23:38:27.190490,1668.8,1669.0,-19.41,1.32,10.28,0.1,0.0,0.0,0.0,1.32,10.28,0.1
2025-01-26 23:38:27.202497,1668.8,1669.0,-19.43,1.32,10.28,0.1,0.0,0.0,0.0,1.32,10.28,0.1
2025-01-26 23:38:27.212490,1668.8,1669.0,-19.45,1.32,10.28,0.1,0.0,0.0,0.0,1.32,10.28,0.1
2025-01-26 23:38:27.224496,1668.8,1669.0,-19.47,1.32,10.28,0.1,0.0,0.0,0.0,1.32,10.28,0.1
2025-01-26 23:38:27.234492,1668.8,1669.0,-19.49,1.32,10.28,0.1,0.0,0.0,0.0,1.32,10.28,0.1
2025-01-26 23:38:27.245492,1668.8,1669.0,-19.51,1.32,10.28,0.1,0.0,0.0,0.0,1.32,10.28,0.1
2025-01-26 23:38:27.257495,1668.8,1669.0,-19.53,1.32,10.28,0.1,0.0,0.0,0.0,1.32,10.28,0.1
2025-01-26 23:38:27.267490,1668.8,1669.0,-19.55,1.32,10.28,0.1,0.0,0.0,0.0,1.32,10.28,0.1
2025-01-26 23:38:27.279497,1668.8,1669.0,-19.57,1.32,10.28,0.1,0.0,0.0,0.0,1.32,10.28,0.1
2025-01-26 23:38:27.289495,1668.8,1669.0,-19.59,1.32,10.28,0.1,0.0,0.0,0.0,1.32,10.28,0.1
2025-01-26 23:38:27.301495,1668.8,1669.0,-19.61,1.32,10.28,0.1,0.0,0.0,0.0,1.32,10.28,0.1
2025-01-26 23:38:27.311497,1668.8,1669.0,-19.63,1.32,10.28,0.1,0.0,0.0,0.0,1.32,10.28,0.1
2025-01-26 23:38:27.322515,1668.8,1669.0,-19.65,1.32,10.28,0.1,0.0,0.0,0.0,1.32,10.28,0.1
2025-01-26 23:38:27.334347,1668.8,1669.0,-19.68,1.32,10.28,0.1,0.0,0.0,0.0,1.32,10.28,0.1
2025-01-26 23:38:27.347341,1668.8,1669.0,-19.7,1.32,10.28,0.1,0.0,0.0,0.0,1.32,10.28,0.1
2025-01-26 23:38:27.358346,1668.8,1669.0,-19.72,1.32,10.28,0.1,0.0,0.0,0.0,1.32,10.28,0.1
2025-01-26 23:38:27.368341,1668.8,1669.0,-19.74,1.32,10.28,0.1,0.0,0.0,0.0,1.32,10.28,0.1
2025-01-26 23:38:27.379348,1668.8,1669.0,-19.76,1.32,10.28,0.1,0.0,0.0,0.0,1.32,10.28,0.1
2025-01-26 23:38:27.389343,1668.8,1669.0,-19.78,1.32,10.28,0.1,0.0,0.0,0.0,1.32,10.28,0.1
2025-01-26 23:38:27.399343,1668.8,1669.0,-19.8,1.32,10.28,0.1,0.0,0.0,0.0,1.32,10.28,0.1
2025-01-26 23:38:27.410342,1668.8,1669.0,-19.82,1.32,10.28,0.1,0.0,0.0,0.0,1.32,10.28,0.1
2025-01-26 23:38:27.421345,1668.8,1669.0,-19.84,1.32,10.28,0.1,0.0,0.0,0.0,1.32,10.28,0.1
2025-01-26 23:38:27.432339,1668.8,1669.0,-19.86,1.32,10.28,0.1,0.0,0.0,0.0,1.32,10.28,0.1
2025-01-26 23:38:27.443346,1668.8,1669.0,-19.88,1.32,10.28,0.1,0.0,0.0,0.0,1.32,10.28,0.1
2025-01-26 23:38:27.456341,1668.8,1669.0,-19.9,1.32,10.28,0.1,0.0,0.0,0.0,1.32,10.28,0.1
2025-01-26 23:38:27.466345,1668.8,1669.0,-19.92,1.32,10.28,0.1,0.0,0.0,0.0,1.32,10.28,0.1
2025-01-26 23:38:27.476340,1668.8,1669.0,-19.94,1.32,10.28,0.1,0.0,0.0,0.0,1.32,10.28,0.1
2025-01-26 23:38:27.488340,1668.8,1669.0,-19.96,1.32,10.28,0.1,0.0,0.0,0.0,1.32,10.28,0.1
2025-01-26 23:38:27.499345,1668.8,1669.0,-19.98,1.32,10.28,0.1,0.0,0.0,0.0,1.32,10.28,0.1
2025-01-26 23:38:27.509343,1668.8,1669.0,-20.0,1.32,10.28,0.1,0.0,0.0,0.0,1.32,10.28,0.1
2025-01-26 23:38:27.521345,1668.8,1669.0,-20.02,1.32,10.28,0.1,0.0,0.0,0.0,1.32,10.28,0.1
2025-01-26 23:38:27.532345,1668.8,1669.0,-20.05,1.32,10.28,0.1,0.0,0.0,0.0,1.32,10.28,0.1
2025-01-26 23:38:27.543348,1668.8,1669.0,-20.07,1.32,10.28,0.1,0.0,0.0,0.0,1.32,10.28,0.1
2025-01-26 23:38:27.554345,1668.8,1669.0,-20.09,1.32,10.28,0.1,0.0,0.0,0.0,1.32,10.28,0.1
2025-01-26 23:38:27.565345,1668.8,1669.0,-20.11,1.32,10.28,0.1,0.0,0.0,0.0,1.32,10.28,0.1
2025-01-26 23:38:27.575979,1668.8,1669.0,-20.13,1.32,10.28,0.1,0.0,0.0,0.0,1.32,10.28,0.1
2025-01-26 23:38:27.587195,1668.8,1669.0,-20.15,1.32,10.28,0.1,0.0,0.0,0.0,1.32,10.28,0.1
2025-01-26 23:38:27.598180,1668.8,1669.0,-20.17,1.32,10.28,0.1,0.0,0.0,0.0,1.32,10.28,0.1
2025-01-26 23:38:27.609185,1668.8,1669.0,-20.19,1.32,10.28,0.1,0.0,0.0,0.0,1.32,10.28,0.1
2025-01-26 23:38:27.621182,1668.8,1669.0,-20.21,1.32,10.28,0.1,0.0,0.0,0.0,1.32,10.28,0.1
2025-01-26 23:38:27.632190,1668.8,1669.0,-20.23,1.32,10.28,0.1,0.0,0.0,0.0,1.32,10.28,0.1
2025-01-26 23:38:27.641182,1668.8,1669.0,-20.25,1.32,10.28,0.1,0.0,0.0,0.0,1.32,10.28,0.1
2025-01-26 23:38:27.653179,1668.8,1669.0,-20.27,1.32,10.28,0.1,0.0,0.0,0.0,1.32,10.28,0.1
2025-01-26 23:38:27.664189,1668.8,1669.0,-20.29,1.32,10.28,0.1,0.0,0.0,0.0,1.32,10.28,0.1
2025-01-26 23:38:27.675186,1668.8,1669.0,-20.31,1.32,10.28,0.1,0.0,0.0,0.0,1.32,10.28,0.1
2025-01-26 23:38:27.686185,1668.8,1669.0,-20.33,1.32,10.28,0.1,0.0,0.0,0.0,1.32,10.28,0.1
2025-01-26 23:38:27.697190,1668.8,1669.0,-20.35,1.32,10.28,0.1,0.0,0.0,0.0,1.32,10.28,0.1
2025-01-26 23:38:27.708185,1668.8,1669.0,-20.37,1.32,10.28,0.1,0.0,0.0,0.0,1.32,10.28,0.1
2025-01-26 23:38:27.718724,1668.8,1669.0,-20.39,1.32,10.28,0.1,0.0,0.0,0.0,1.32,10.28,0.1
2025-01-26 23:38:27.729726,1668.8,1669.0,-20.42,1.32,10.28,0.1,0.0,0.0,0.0,1.32,10.28,0.1
2025-01-26 23:38:27.740725,1668.8,1669.0,-20.44,1.32,10.28,0.1,0.0,0.0,0.0,1.32,10.28,0.1
2025-01-26 23:38:27.751722,1668.8,1669.0,-20.46,1.32,10.28,0.1,0.0,0.0,0.0,1.32,10.28,0.1
2025-01-26 23:38:27.763726,1668.8,1669.0,-20.48,1.32,10.28,0.1,0.0,0.0,0.0,1.32,10.28,0.1
2025-01-26 23:38:27.773719,1668.8,1669.0,-20.5,1.32,10.28,0.1,0.0,0.0,0.0,1.32,10.28,0.1
2025-01-26 23:38:27.784717,1668.8,1669.0,-20.52,1.32,10.28,0.1,0.0,0.0,0.0,1.32,10.28,0.1
2025-01-26 23:38:27.795716,1668.8,1669.0,-20.54,1.32,10.28,0.1,0.0,0.0,0.0,1.32,10.28,0.1
2025-01-26 23:38:27.806722,1668.8,1669.0,-20.56,1.32,10.28,0.1,0.0,0.0,0.0,1.32,10.28,0.1
2025-01-26 23:38:27.817722,1668.8,1669.0,-20.58,1.32,10.28,0.1,0.0,0.0,0.0,1.32,10.28,0.1
2025-01-26 23:38:27.828725,1668.8,1669.0,-20.6,1.32,10.28,0.1,0.0,0.0,0.0,1.32,10.28,0.1
2025-01-26 23:38:27.839738,1668.8,1669.0,-20.62,1.32,10.28,0.1,-834.4,0.0,-100.0,1.32,10.28,0.1
2025-01-26 23:38:27.859784,1668.8,1669.0,-20.64,1.32,10.28,0.1,-834.4,-8.0,-100.0,1.32,10.28,0.1
2025-01-26 23:38:27.875725,1668.8,1669.0,-20.66,1.32,10.28,0.1,-834.4,-31.0,-100.0,1.32,10.28,0.1
2025-01-26 23:38:27.877730,1668.8,1669.0,-20.68,1.32,10.28,0.1,-834.4,-64.0,-100.0,1.32,10.28,0.1
2025-01-26 23:38:27.886722,1668.8,1669.0,-20.7,1.32,10.28,0.1,-834.4,-105.0,-100.0,1.32,10.28,0.1
2025-01-26 23:38:27.896722,1668.8,1669.0,-20.72,1.32,10.28,0.1,-834.4,-151.0,-100.0,1.32,10.28,0.1
2025-01-26 23:38:27.906723,1668.8,1669.0,-20.74,1.32,10.28,0.1,-834.4,-201.0,-100.0,1.32,10.28,0.1
2025-01-26 23:38:27.916722,1668.8,1669.0,-20.76,1.32,10.28,0.1,-834.4,-254.0,-100.0,1.32,10.28,0.1
2025-01-26 23:38:27.928723,1668.8,1669.0,-20.79,1.32,10.28,0.1,-834.4,-309.0,-100.0,1.32,10.28,0.1
2025-01-26 23:38:27.938727,1668.8,1669.0,-20.81,1.32,10.28,0.1,-834.4,-366.0,-100.0,1.32,10.28,0.1
2025-01-26 23:38:27.950722,1668.8,1669.0,-20.83,1.32,10.28,0.1,-834.4,-424.0,-61.73,1.32,10.28,0.1
2025-01-26 23:38:27.961719,1668.8,1669.0,-20.85,1.32,10.28,0.1,-834.4,-481.0,3.51,1.32,10.28,0.1
2025-01-26 23:38:27.973368,1668.8,1669.0,-20.87,1.32,10.28,0.1,-834.4,-537.0,67.43,1.32,10.28,0.1
2025-01-26 23:38:27.985370,1668.8,1669.0,-20.89,1.32,10.28,0.1,-834.4,-581.0,5.51,1.32,10.28,0.1
2025-01-26 23:38:27.995368,1668.8,1669.0,-20.91,1.32,10.28,0.1,-834.4,-612.0,-83.57,1.32,10.28,0.1
2025-01-26 23:38:28.006372,1668.8,1669.0,-20.93,1.32,10.28,0.1,-834.4,-645.0,-20.01,1.32,10.28,0.1
2025-01-26 23:38:28.017519,1668.8,1669.0,-20.95,1.32,10.28,0.1,-834.4,-680.0,46.19,1.32,10.28,0.1
2025-01-26 23:38:28.028527,1668.8,1669.0,-20.97,1.32,10.28,0.1,-834.4,-708.0,13.15,1.32,10.28,0.1
2025-01-26 23:38:28.039531,1668.8,1669.0,-20.99,1.32,10.28,0.1,-834.4,-729.0,-29.13,1.32,10.28,0.1
2025-01-26 23:38:28.049531,1668.8,1669.0,-21.01,1.32,10.28,0.1,-834.4,-748.0,-24.05,1.32,10.28,0.1
2025-01-26 23:38:28.060535,1668.8,1669.0,-21.03,1.32,10.28,0.1,-834.4,-768.0,12.35,1.32,10.28,0.1
2025-01-26 23:38:28.071526,1668.8,1669.0,-21.05,1.32,10.28,0.1,-834.4,-786.0,16.11,1.32,10.28,0.1
2025-01-26 23:38:28.083530,1668.8,1669.0,-21.07,1.32,10.28,0.1,-834.4,-801.0,5.91,1.32,10.28,0.1
2025-01-26 23:38:28.093709,1668.8,1669.0,-21.09,1.32,10.28,0.1,-834.4,-813.0,-8.25,1.32,10.28,0.1
2025-01-26 23:38:28.104791,1668.8,1669.0,-21.11,1.32,10.28,0.1,-834.4,-823.0,-15.05,1.32,10.28,0.1
2025-01-26 23:38:28.115782,1668.8,1669.0,-21.13,1.32,10.28,0.1,-834.4,-833.0,-1.85,1.32,10.28,0.1
2025-01-26 23:38:28.126778,1668.8,1669.0,-21.16,1.32,10.28,0.1,-834.4,-841.0,-10.61,1.32,10.28,0.1
2025-01-26 23:38:28.143778,1668.8,1669.0,-21.18,1.32,10.28,0.1,-834.4,-849.0,1.45,1.32,10.28,0.1
2025-01-26 23:38:28.155782,1668.8,1669.0,-21.2,1.32,10.28,0.1,-834.4,-855.0,-8.51,1.32,10.28,0.1
2025-01-26 23:38:28.171782,1668.8,1669.0,-21.22,1.32,10.28,0.1,-834.4,-860.0,-9.28,1.32,10.28,0.1
2025-01-26 23:38:28.184408,1668.8,1669.0,-21.24,1.32,10.28,0.1,-834.4,-864.0,-10.96,1.32,10.28,0.1
2025-01-26 23:38:28.199408,1668.8,1669.0,-21.26,1.32,10.28,0.1,-834.4,-868.0,-2.22,1.32,10.28,0.1
2025-01-26 23:38:28.200408,1668.8,1669.0,-21.28,1.32,10.28,0.1,-834.4,-869.0,-27.35,1.32,10.28,0.1
2025-01-26 23:38:28.213408,1668.8,1669.0,-21.3,1.32,10.28,0.1,-834.4,-871.0,-10.94,1.32,10.28,0.1
2025-01-26 23:38:28.226408,1668.8,1669.0,-21.32,1.32,10.28,0.1,-834.4,-873.0,-4.33,1.32,10.28,0.1
2025-01-26 23:38:28.239408,1668.8,1669.0,-21.34,1.32,10.28,0.1,-834.4,-875.0,2.48,1.32,10.28,0.1
2025-01-26 23:38:28.248408,1668.8,1669.0,-21.36,1.32,10.28,0.1,-834.4,-876.0,-1.92,1.32,10.28,0.1
2025-01-26 23:38:28.262410,1668.8,1669.0,-21.38,1.32,10.28,0.1,-834.4,-876.0,-7.65,1.32,10.28,0.1
2025-01-26 23:38:28.271408,1668.8,1669.0,-21.4,1.32,10.28,0.1,-834.4,-876.0,-3.37,1.32,10.28,0.1
2025-01-26 23:38:28.272412,1668.8,1669.0,-21.42,1.32,10.28,0.1,-834.4,-876.0,0.9,1.32,10.28,0.1
2025-01-26 23:38:28.282405,1668.8,1669.0,-21.44,1.32,10.28,0.1,-834.4,-876.0,5.18,1.32,10.28,0.1
2025-01-26 23:38:28.292409,1668.8,1669.0,-21.46,1.32,10.28,0.1,-834.4,-876.0,9.46,1.32,10.28,0.1
2025-01-26 23:38:28.303411,1668.8,1669.0,-21.48,1.32,10.28,0.1,-834.4,-876.0,13.73,1.32,10.28,0.1
2025-01-26 23:38:28.314411,1668.8,1669.0,-21.5,1.32,10.28,0.1,-834.4,-876.0,18.01,1.32,10.28,0.1
2025-01-26 23:38:28.324403,1668.8,1669.0,-21.53,1.32,10.28,0.1,-834.4,-876.0,22.29,1.32,10.28,0.1
2025-01-26 23:38:28.335511,1668.8,1669.0,-21.55,1.32,10.28,0.1,-834.4,-875.0,15.14,1.32,10.28,0.1
2025-01-26 23:38:28.346516,1668.8,1669.0,-21.57,1.32,10.28,0.1,-834.4,-875.0,29.31,1.32,10.28,0.1
2025-01-26 23:38:28.357510,1668.8,1669.0,-21.59,1.32,10.28,0.1,-834.4,-874.0,22.07,1.32,10.28,0.1
2025-01-26 23:38:28.369517,1668.8,1669.0,-21.61,1.32,10.28,0.1,-834.4,-873.0,24.71,1.32,10.28,0.1
2025-01-26 23:38:28.380865,1668.8,1669.0,-21.63,1.32,10.28,0.1,-834.4,-870.0,4.41,1.32,10.28,0.1
2025-01-26 23:38:28.391870,1668.8,1669.0,-21.65,1.32,10.28,0.1,-834.4,-867.0,3.8,1.32,10.28,0.1
2025-01-26 23:38:28.405221,1668.8,1669.0,-21.67,1.32,10.28,0.1,-834.4,-865.0,14.31,1.32,10.28,0.1
2025-01-26 23:38:28.415219,1668.8,1669.0,-21.69,1.32,10.28,0.1,-834.4,-864.0,26.03,1.32,10.28,0.1
2025-01-26 23:38:28.426219,1668.8,1669.0,-21.71,1.32,10.28,0.1,-834.4,-862.0,16.23,1.32,10.28,0.1
2025-01-26 23:38:28.436221,1668.8,1669.0,-21.73,1.32,10.28,0.1,-834.4,-860.0,16.22,1.32,10.28,0.1
2025-01-26 23:38:28.447222,1668.8,1669.0,-21.75,1.32,10.28,0.1,-834.4,-858.0,16.01,1.32,10.28,0.1
2025-01-26 23:38:28.461912,1668.8,1669.0,-21.77,1.32,10.28,0.1,-834.4,-856.0,15.59,1.32,10.28,0.1
2025-01-26 23:38:28.473390,1668.8,1669.0,-21.79,1.32,10.28,0.1,-834.4,-855.0,26.39,1.32,10.28,0.1
2025-01-26 23:38:28.485556,1668.8,1669.0,-21.81,1.32,10.28,0.1,-834.4,-852.0,4.24,1.32,10.28,0.1
2025-01-26 23:38:28.496797,1668.8,1669.0,-21.83,1.32,10.28,0.1,-834.4,-849.0,1.78,1.32,10.28,0.1
2025-01-26 23:38:28.509220,1668.8,1669.0,-21.85,1.32,10.28,0.1,-834.4,-848.0,21.85,1.32,10.28,0.1
2025-01-26 23:38:28.524106,1668.8,1669.0,-21.87,1.32,10.28,0.1,-834.4,-848.0,33.25,1.32,10.28,0.1
2025-01-26 23:38:28.539121,1668.8,1669.0,-21.9,1.32,10.28,0.1,-834.4,-846.0,11.8,1.32,10.28,0.1
2025-01-26 23:38:28.541627,1668.8,1669.0,-21.92,1.32,10.28,0.1,-834.4,-843.0,-1.27,1.32,10.28,0.1
2025-01-26 23:38:28.555860,1668.8,1669.0,-21.94,1.32,10.28,0.1,-834.4,-842.0,18.19,1.32,10.28,0.1
2025-01-26 23:38:28.570407,1668.8,1669.0,-21.96,1.32,10.28,0.1,-834.4,-841.0,17.55,1.32,10.28,0.1
2025-01-26 23:38:28.586355,1668.8,1669.0,-21.98,1.32,10.28,0.1,-834.4,-840.0,16.8,1.32,10.28,0.1
2025-01-26 23:38:28.588355,1668.8,1669.0,-22.0,1.32,10.28,0.1,-834.4,-837.0,-6.89,1.32,10.28,0.1
2025-01-26 23:38:28.601435,1668.8,1669.0,-22.02,1.32,10.28,0.1,-834.4,-836.0,11.96,1.32,10.28,0.1
2025-01-26 23:38:28.610549,1668.8,1669.0,-22.04,1.32,10.28,0.1,-834.4,-836.0,22.12,1.32,10.28,0.1
2025-01-26 23:38:28.619522,1668.8,1669.0,-22.06,1.32,10.28,0.1,-834.4,-835.0,10.86,1.32,10.28,0.1
2025-01-26 23:38:28.629530,1668.8,1669.0,-22.08,1.32,10.28,0.1,-834.4,-835.0,20.92,1.32,10.28,0.1
2025-01-26 23:38:28.638518,1668.8,1669.0,-22.1,1.32,10.28,0.1,-834.4,-835.0,20.99,1.32,10.28,0.1
2025-01-26 23:38:28.648517,1668.8,1669.0,-22.12,1.32,10.28,0.1,-834.4,-835.0,21.05,1.32,10.28,0.1
2025-01-26 23:38:28.658516,1668.8,1669.0,-22.14,1.32,10.28,0.1,-834.4,-835.0,21.11,1.32,10.28,0.1
2025-01-26 23:38:28.667521,1668.8,1669.0,-22.16,1.32,10.28,0.1,-834.4,-835.0,21.17,1.32,10.28,0.1
2025-01-26 23:38:28.678897,1668.8,1669.0,-22.18,1.32,10.28,0.1,-834.4,-835.0,21.23,1.32,10.28,0.1
2025-01-26 23:38:28.688895,1668.8,1669.0,-22.2,1.32,10.28,0.1,-834.4,-835.0,21.29,1.32,10.28,0.1
2025-01-26 23:38:28.699896,1668.8,1669.0,-22.22,1.32,10.28,0.1,-834.4,-835.0,21.36,1.32,10.28,0.1
2025-01-26 23:38:28.710898,1668.8,1669.0,-22.24,1.32,10.28,0.1,-834.4,-835.0,21.42,1.32,10.28,0.1
2025-01-26 23:38:28.721896,1668.8,1669.0,-22.27,1.32,10.28,0.1,-834.4,-835.0,21.48,1.32,10.28,0.1
2025-01-26 23:38:28.732896,1668.8,1669.0,-22.29,1.32,10.28,0.1,-834.4,-835.0,21.54,1.32,10.28,0.1
2025-01-26 23:38:28.742892,1668.8,1669.0,-22.31,1.32,10.28,0.1,-834.4,-835.0,21.6,1.32,10.28,0.1
2025-01-26 23:38:28.754891,1668.8,1669.0,-22.33,1.32,10.28,0.1,-834.4,-835.0,21.66,1.32,10.28,0.1
2025-01-26 23:38:28.765889,1668.8,1669.0,-22.35,1.32,10.28,0.1,-834.4,-835.0,21.73,1.32,10.28,0.1
2025-01-26 23:38:28.777892,1668.8,1669.0,-22.37,1.32,10.28,0.1,-834.4,-835.0,21.79,1.32,10.28,0.1
2025-01-26 23:38:28.789897,1668.8,1669.0,-22.39,1.32,10.28,0.1,-834.4,-835.0,21.85,1.32,10.28,0.1
2025-01-26 23:38:28.800972,1668.8,1669.0,-22.41,1.32,10.28,0.1,-834.4,-835.0,21.91,1.32,10.28,0.1
2025-01-26 23:38:28.810890,1668.8,1669.0,-22.43,1.32,10.28,0.1,-834.4,-835.0,21.97,1.32,10.28,0.1
2025-01-26 23:38:28.820897,1668.8,1669.0,-22.45,1.32,10.28,0.1,-834.4,-835.0,22.03,1.32,10.28,0.1
2025-01-26 23:38:28.830896,1668.8,1669.0,-22.47,1.32,10.28,0.1,-834.4,-835.0,22.1,1.32,10.28,0.1
2025-01-26 23:38:28.841895,1668.8,1669.0,-22.49,1.32,10.28,0.1,-834.4,-835.0,22.16,1.32,10.28,0.1
2025-01-26 23:38:28.851896,1668.8,1669.0,-22.51,1.32,10.28,0.1,-834.4,-835.0,22.22,1.32,10.28,0.1
2025-01-26 23:38:28.861896,1668.8,1669.0,-22.53,1.32,10.28,0.1,-834.4,-835.0,22.28,1.32,10.28,0.1
2025-01-26 23:38:28.872896,1668.8,1669.0,-22.55,1.32,10.28,0.1,-834.4,-835.0,22.34,1.32,10.28,0.1
2025-01-26 23:38:28.883896,1668.8,1669.0,-22.57,1.32,10.28,0.1,-834.4,-835.0,22.4,1.32,10.28,0.1
2025-01-26 23:38:28.894895,1668.8,1669.0,-22.59,1.32,10.28,0.1,-834.4,-835.0,22.47,1.32,10.28,0.1
2025-01-26 23:38:28.905895,1668.8,1669.0,-22.61,1.32,10.28,0.1,-834.4,-835.0,22.53,1.32,10.28,0.1
2025-01-26 23:38:28.916896,1668.8,1669.0,-22.64,1.32,10.28,0.1,-834.4,-835.0,22.59,1.32,10.28,0.1
2025-01-26 23:38:28.927896,1668.8,1669.0,-22.66,1.32,10.28,0.1,-834.4,-835.0,22.65,1.32,10.28,0.1
2025-01-26 23:38:28.938896,1668.8,1669.0,-22.68,1.32,10.28,0.1,-834.4,-835.0,22.71,1.32,10.28,0.1
2025-01-26 23:38:28.949896,1668.8,1669.0,-22.7,1.32,10.28,0.1,-834.4,-835.0,22.77,1.32,10.28,0.1
2025-01-26 23:38:28.960891,1668.8,1669.0,-22.72,1.32,10.28,0.1,-834.4,-835.0,22.84,1.32,10.28,0.1
2025-01-26 23:38:28.972895,1668.8,1669.0,-22.74,1.32,10.28,0.1,-834.4,-835.0,22.9,1.32,10.28,0.1
2025-01-26 23:38:28.982891,1668.8,1669.0,-22.76,1.32,10.28,0.1,-834.4,-835.0,22.96,1.32,10.28,0.1
2025-01-26 23:38:28.993896,1668.8,1669.0,-22.78,1.32,10.28,0.1,-834.4,-835.0,23.02,1.32,10.28,0.1
2025-01-26 23:38:29.004890,1668.8,1669.0,-22.8,1.32,10.28,0.1,-834.4,-835.0,23.08,1.32,10.28,0.1
2025-01-26 23:38:29.015895,1668.8,1669.0,-22.82,1.32,10.28,0.1,-834.4,-835.0,23.14,1.32,10.28,0.1
2025-01-26 23:38:29.026900,1668.8,1669.0,-22.84,1.32,10.28,0.1,-834.4,-835.0,23.21,1.32,10.28,0.1
2025-01-26 23:38:29.037891,1668.8,1669.0,-22.86,1.32,10.28,0.1,-834.4,-835.0,23.27,1.32,10.28,0.1
2025-01-26 23:38:29.048899,1668.8,1669.0,-22.88,1.32,10.28,0.1,-834.4,-835.0,23.33,1.32,10.28,0.1
2025-01-26 23:38:29.059895,1668.8,1669.0,-22.9,1.32,10.28,0.1,-834.4,-835.0,23.39,1.32,10.28,0.1
2025-01-26 23:38:29.071892,1668.8,1669.0,-22.92,1.32,10.28,0.1,-834.4,-835.0,23.45,1.32,10.28,0.1
2025-01-26 23:38:29.082401,1668.8,1669.0,-22.94,1.32,10.28,0.1,-834.4,-835.0,23.51,1.32,10.28,0.1
2025-01-26 23:38:29.093405,1668.8,1669.0,-22.96,1.32,10.28,0.1,-834.4,-835.0,23.58,1.32,10.28,0.1
2025-01-26 23:38:29.104404,1668.8,1669.0,-22.98,1.32,10.28,0.1,-834.4,-835.0,23.64,1.32,10.28,0.1
2025-01-26 23:38:29.114406,1668.8,1669.0,-23.01,1.32,10.28,0.1,-834.4,-835.0,23.7,1.32,10.28,0.1
2025-01-26 23:38:29.125406,1668.8,1669.0,-23.03,1.32,10.28,0.1,-834.4,-835.0,23.76,1.32,10.28,0.1
2025-01-26 23:38:29.137750,1668.8,1669.0,-23.05,1.32,10.28,0.1,-834.4,-835.0,23.82,1.32,10.28,0.1
2025-01-26 23:38:29.147752,1668.8,1669.0,-23.07,1.32,10.28,0.1,-834.4,-835.0,23.88,1.32,10.28,0.1
2025-01-26 23:38:29.158815,1668.8,1669.0,-23.09,1.32,10.28,0.1,-834.4,-835.0,23.95,1.32,10.28,0.1
2025-01-26 23:38:29.169746,1668.8,1669.0,-23.11,1.32,10.28,0.1,-834.4,-835.0,24.01,1.32,10.28,0.1
2025-01-26 23:38:29.181417,1668.8,1669.0,-23.13,1.32,10.28,0.1,-834.4,-835.0,24.07,1.32,10.28,0.1
2025-01-26 23:38:29.192414,1668.8,1669.0,-23.15,1.32,10.28,0.1,-834.4,-835.0,24.13,1.32,10.28,0.1
2025-01-26 23:38:29.202417,1668.8,1669.0,-23.17,1.32,10.28,0.1,-834.4,-835.0,24.19,1.32,10.28,0.1
2025-01-26 23:38:29.214418,1668.8,1669.0,-23.19,1.32,10.28,0.1,-834.4,-835.0,24.25,1.32,10.28,0.1
2025-01-26 23:38:29.225425,1668.8,1669.0,-23.21,1.32,10.28,0.1,-834.4,-835.0,24.32,1.32,10.28,0.1
2025-01-26 23:38:29.236413,1668.8,1669.0,-23.23,1.32,10.28,0.1,-834.4,-835.0,24.38,1.32,10.28,0.1
2025-01-26 23:38:29.248417,1668.8,1669.0,-23.25,1.32,10.28,0.1,-834.4,-835.0,24.44,1.32,10.28,0.1
2025-01-26 23:38:29.259414,1668.8,1669.0,-23.27,1.32,10.28,0.1,-834.4,-835.0,24.5,1.32,10.28,0.1
2025-01-26 23:38:29.273412,1668.8,1669.0,-23.29,1.32,10.28,0.1,-834.4,-835.0,24.56,1.32,10.28,0.1
2025-01-26 23:38:29.283418,1668.8,1669.0,-23.31,1.32,10.28,0.1,-834.4,-835.0,24.62,1.32,10.28,0.1
2025-01-26 23:38:29.293418,1668.8,1669.0,-23.33,1.32,10.28,0.1,-834.4,-835.0,24.69,1.32,10.28,0.1
2025-01-26 23:38:29.305419,1668.8,1669.0,-23.35,1.32,10.28,0.1,-834.4,-835.0,24.75,1.32,10.28,0.1
2025-01-26 23:38:29.316420,1668.8,1669.0,-23.38,1.32,10.28,0.1,-834.4,-835.0,24.81,1.32,10.28,0.1
2025-01-26 23:38:29.326417,1668.8,1669.0,-23.4,1.32,10.28,0.1,-834.4,-835.0,24.87,1.32,10.28,0.1
2025-01-26 23:38:29.337842,1668.8,1669.0,-23.42,1.32,10.28,0.1,-834.4,-835.0,24.93,1.32,10.28,0.1
2025-01-26 23:38:29.347836,1668.8,1669.0,-23.44,1.32,10.28,0.1,-834.4,-835.0,24.99,1.32,10.28,0.1
2025-01-26 23:38:29.359836,1668.8,1669.0,-23.46,1.32,10.28,0.1,-834.4,-835.0,25.06,1.32,10.28,0.1
2025-01-26 23:38:29.370846,1668.8,1669.0,-23.48,1.32,10.28,0.1,-834.4,-835.0,25.12,1.32,10.28,0.1
2025-01-26 23:38:29.380842,1668.8,1669.0,-23.5,1.32,10.28,0.1,-834.4,-835.0,25.18,1.32,10.28,0.1
2025-01-26 23:38:29.391837,1668.8,1669.0,-23.52,1.32,10.28,0.1,-834.4,-835.0,25.24,1.32,10.28,0.1
2025-01-26 23:38:29.402842,1668.8,1669.0,-23.54,1.32,10.28,0.1,-834.4,-835.0,25.3,1.32,10.28,0.1
2025-01-26 23:38:29.413843,1668.8,1669.0,-23.56,1.32,10.28,0.1,-834.4,-835.0,25.36,1.32,10.28,0.1
2025-01-26 23:38:29.424841,1668.8,1669.0,-23.58,1.32,10.28,0.1,-834.4,-835.0,25.43,1.32,10.28,0.1
2025-01-26 23:38:29.435842,1668.8,1669.0,-23.6,1.32,10.28,0.1,-834.4,-835.0,25.49,1.32,10.28,0.1
2025-01-26 23:38:29.446836,1668.8,1669.0,-23.62,1.32,10.28,0.1,-834.4,-835.0,25.55,1.32,10.28,0.1
2025-01-26 23:38:29.457837,1668.8,1669.0,-23.64,1.32,10.28,0.1,-834.4,-835.0,25.61,1.32,10.28,0.1
2025-01-26 23:38:29.467837,1668.8,1669.0,-23.66,1.32,10.28,0.1,-834.4,-835.0,25.67,1.32,10.28,0.1
2025-01-26 23:38:29.479904,1668.8,1669.0,-23.68,1.32,10.28,0.1,-834.4,-835.0,25.73,1.32,10.28,0.1
2025-01-26 23:38:29.490053,1668.8,1669.0,-23.7,1.32,10.28,0.1,-834.4,-835.0,25.8,1.32,10.28,0.1
2025-01-26 23:38:29.502069,1668.8,1669.0,-23.72,1.32,10.28,0.1,-834.4,-835.0,25.86,1.32,10.28,0.1
2025-01-26 23:38:29.513114,1668.8,1669.0,-23.75,1.32,10.28,0.1,-834.4,-835.0,25.92,1.32,10.28,0.1
2025-01-26 23:38:29.525120,1668.8,1669.0,-23.77,1.32,10.28,0.1,-834.4,-835.0,25.98,1.32,10.28,0.1
2025-01-26 23:38:29.536110,1668.8,1669.0,-23.79,1.32,10.28,0.1,-834.4,-835.0,26.04,1.32,10.28,0.1
2025-01-26 23:38:29.547116,1668.8,1669.0,-23.81,1.32,10.28,0.1,-834.4,-835.0,26.1,1.32,10.28,0.1
2025-01-26 23:38:29.558111,1668.8,1669.0,-23.83,1.32,10.28,0.1,-834.4,-835.0,26.17,1.32,10.28,0.1
2025-01-26 23:38:29.569109,1668.8,1669.0,-23.85,1.32,10.28,0.1,-834.4,-835.0,26.23,1.32,10.28,0.1
2025-01-26 23:38:29.580111,1668.8,1669.0,-23.87,1.32,10.28,0.1,-834.4,-835.0,26.29,1.32,10.28,0.1
2025-01-26 23:38:29.591114,1668.8,1669.0,-23.89,1.32,10.28,0.1,-834.4,-835.0,26.35,1.32,10.28,0.1
2025-01-26 23:38:29.602111,1668.8,1669.0,-23.91,1.32,10.28,0.1,-834.4,-835.0,26.41,1.32,10.28,0.1
2025-01-26 23:38:29.612116,1668.8,1669.0,-23.93,1.32,10.28,0.1,-834.4,-835.0,26.47,1.32,10.28,0.1
2025-01-26 23:38:29.624115,1668.8,1669.0,-23.95,1.32,10.28,0.1,-834.4,-835.0,26.54,1.32,10.28,0.1
2025-01-26 23:38:29.634109,1668.8,1669.0,-23.97,1.32,10.28,0.1,-834.4,-835.0,26.6,1.32,10.28,0.1
2025-01-26 23:38:29.645109,1668.8,1669.0,-23.99,1.32,10.28,0.1,-834.4,-835.0,26.66,1.32,10.28,0.1
2025-01-26 23:38:29.656704,1668.8,1669.0,-24.01,1.32,10.28,0.1,-834.4,-835.0,26.72,1.32,10.28,0.1
2025-01-26 23:38:29.667707,1668.8,1669.0,-24.03,1.32,10.28,0.1,-834.4,-835.0,26.78,1.32,10.28,0.1
2025-01-26 23:38:29.679705,1668.8,1669.0,-24.05,1.32,10.28,0.1,-834.4,-835.0,26.85,1.32,10.28,0.1
2025-01-26 23:38:29.691707,1668.8,1669.0,-24.07,1.32,10.28,0.1,-834.4,-835.0,26.91,1.32,10.28,0.1
2025-01-26 23:38:29.701701,1668.8,1669.0,-24.09,1.32,10.28,0.1,-834.4,-835.0,26.97,1.32,10.28,0.1
2025-01-26 23:38:29.712252,1668.8,1669.0,-24.12,1.32,10.28,0.1,-834.4,-835.0,27.03,1.32,10.28,0.1
2025-01-26 23:38:29.722251,1668.8,1669.0,-24.14,1.32,10.28,0.1,-834.4,-835.0,27.09,1.32,10.28,0.1
2025-01-26 23:38:29.733245,1668.8,1669.0,-24.16,1.32,10.28,0.1,-834.4,-835.0,27.15,1.32,10.28,0.1
2025-01-26 23:38:29.746248,1668.8,1669.0,-24.18,1.32,10.28,0.1,-834.4,-835.0,27.22,1.32,10.28,0.1
2025-01-26 23:38:29.757258,1668.8,1669.0,-24.2,1.32,10.28,0.1,-834.4,-835.0,27.28,1.32,10.28,0.1
2025-01-26 23:38:29.768250,1668.8,1669.0,-24.22,1.32,10.28,0.1,-834.4,-835.0,27.34,1.32,10.28,0.1
2025-01-26 23:38:29.777251,1668.8,1669.0,-24.24,1.32,10.28,0.1,-834.4,-835.0,27.4,1.32,10.28,0.1
2025-01-26 23:38:29.788252,1668.8,1669.0,-24.26,1.32,10.28,0.1,-834.4,-835.0,27.46,1.32,10.28,0.1
2025-01-26 23:38:29.799245,1668.8,1669.0,-24.28,1.32,10.28,0.1,-834.4,-835.0,27.52,1.32,10.28,0.1
2025-01-26 23:38:29.809984,1668.8,1669.0,-24.3,1.32,10.28,0.1,-834.4,-835.0,27.59,1.32,10.28,0.1
2025-01-26 23:38:29.821976,1668.8,1669.0,-24.32,1.32,10.28,0.1,-834.4,-835.0,27.65,1.32,10.28,0.1
2025-01-26 23:38:29.832994,1668.8,1669.0,-24.34,1.32,10.28,0.1,-834.4,-835.0,27.71,1.32,10.28,0.1
2025-01-26 23:38:29.843975,1668.8,1669.0,-24.36,1.32,10.28,0.1,-834.4,-835.0,27.77,1.32,10.28,0.1
2025-01-26 23:38:29.854310,1668.8,1669.0,-24.38,1.32,10.28,0.1,-834.4,-835.0,27.83,1.32,10.28,0.1
2025-01-26 23:38:29.864312,1668.8,1669.0,-24.4,1.32,10.28,0.1,-834.4,-835.0,27.89,1.32,10.28,0.1
2025-01-26 23:38:29.875858,1668.8,1669.0,-24.42,1.32,10.28,0.1,-834.4,-835.0,27.96,1.32,10.28,0.1
2025-01-26 23:38:29.885867,1668.8,1669.0,-24.44,1.32,10.28,0.1,-834.4,-835.0,28.02,1.32,10.28,0.1
2025-01-26 23:38:29.895858,1668.8,1669.0,-24.46,1.32,10.28,0.1,-834.4,-835.0,28.08,1.32,10.28,0.1
2025-01-26 23:38:29.907860,1668.8,1669.0,-24.49,1.32,10.28,0.1,-834.4,-835.0,28.14,1.32,10.28,0.1
2025-01-26 23:38:29.917858,1668.8,1669.0,-24.51,1.32,10.28,0.1,-834.4,-835.0,28.2,1.32,10.28,0.1
2025-01-26 23:38:29.929858,1668.8,1669.0,-24.53,1.32,10.28,0.1,-834.4,-835.0,28.26,1.32,10.28,0.1
2025-01-26 23:38:29.940858,1668.8,1669.0,-24.55,1.32,10.28,0.1,-834.4,-835.0,28.33,1.32,10.28,0.1
2025-01-26 23:38:29.951858,1668.8,1669.0,-24.57,1.32,10.28,0.1,-834.4,-835.0,28.39,1.32,10.28,0.1
2025-01-26 23:38:29.962854,1668.8,1669.0,-24.59,1.32,10.28,0.1,-834.4,-835.0,28.45,1.32,10.28,0.1
2025-01-26 23:38:29.972858,1668.8,1669.0,-24.61,1.32,10.28,0.1,-834.4,-835.0,28.51,1.32,10.28,0.1
2025-01-26 23:38:29.984861,1668.8,1669.0,-24.63,1.32,10.28,0.1,-834.4,-835.0,28.57,1.32,10.28,0.1
2025-01-26 23:38:29.995853,1668.8,1669.0,-24.65,1.32,10.28,0.1,-834.4,-835.0,28.63,1.32,10.28,0.1
2025-01-26 23:38:30.005862,1668.8,1669.0,-24.67,1.32,10.28,0.1,-834.4,-835.0,28.7,1.32,10.28,0.1
2025-01-26 23:38:30.016854,1668.8,1669.0,-24.69,1.32,10.28,0.1,-834.4,-835.0,28.76,1.32,10.28,0.1
2025-01-26 23:38:30.028861,1668.8,1669.0,-24.71,1.32,10.28,0.1,-834.4,-835.0,28.82,1.32,10.28,0.1
2025-01-26 23:38:30.038857,1668.8,1669.0,-24.73,1.32,10.28,0.1,-834.4,-835.0,28.88,1.32,10.28,0.1
2025-01-26 23:38:30.049861,1668.8,1669.0,-24.75,1.32,10.28,0.1,-834.4,-835.0,28.94,1.32,10.28,0.1
2025-01-26 23:38:30.060897,1668.8,1669.0,-24.77,1.32,10.28,0.1,-834.4,-835.0,29.0,1.32,10.28,0.1
2025-01-26 23:38:30.071905,1668.8,1669.0,-24.79,1.32,10.28,0.1,-834.4,-835.0,29.07,1.32,10.28,0.1
2025-01-26 23:38:30.082909,1668.8,1669.0,-24.81,1.32,10.28,0.1,-834.4,-835.0,29.13,1.32,10.28,0.1
2025-01-26 23:38:30.093896,1668.8,1669.0,-24.83,1.32,10.28,0.1,-834.4,-835.0,29.19,1.32,10.28,0.1
2025-01-26 23:38:30.104908,1668.8,1669.0,-24.86,1.32,10.28,0.1,-834.4,-835.0,29.25,1.32,10.28,0.1
2025-01-26 23:38:30.115906,1668.8,1669.0,-24.88,1.32,10.28,0.1,-834.4,-835.0,29.31,1.32,10.28,0.1
2025-01-26 23:38:30.126902,1668.8,1669.0,-24.9,1.32,10.28,0.1,-834.4,-835.0,29.37,1.32,10.28,0.1
2025-01-26 23:38:30.137913,1668.8,1669.0,-24.92,1.32,10.28,0.1,-834.4,-835.0,29.44,1.32,10.28,0.1
2025-01-26 23:38:30.148907,1668.8,1669.0,-24.94,1.32,10.28,0.1,-834.4,-835.0,29.5,1.32,10.28,0.1
2025-01-26 23:38:30.160897,1668.8,1669.0,-24.96,1.32,10.28,0.1,-834.4,-835.0,29.56,1.32,10.28,0.1
2025-01-26 23:38:30.171313,1668.8,1669.0,-24.98,1.32,10.28,0.1,-834.4,-835.0,29.62,1.32,10.28,0.1
2025-01-26 23:38:30.182217,1668.8,1669.0,-25.0,1.32,10.28,0.1,-834.4,-835.0,29.68,1.32,10.28,0.1
2025-01-26 23:38:30.192812,1668.8,1669.0,-25.02,1.32,10.28,0.1,-834.4,-835.0,29.74,1.32,10.28,0.1
2025-01-26 23:38:30.203807,1668.8,1669.0,-25.04,1.32,10.28,0.1,-834.4,-835.0,29.81,1.32,10.28,0.1
2025-01-26 23:38:30.214815,1668.8,1669.0,-25.06,1.32,10.28,0.1,-834.4,-835.0,29.87,1.32,10.28,0.1
2025-01-26 23:38:30.225812,1668.8,1669.0,-25.08,1.32,10.28,0.1,-834.4,-835.0,29.93,1.32,10.28,0.1
2025-01-26 23:38:30.236811,1668.8,1669.0,-25.1,1.32,10.28,0.1,-834.4,-835.0,29.99,1.32,10.28,0.1
2025-01-26 23:38:30.247812,1668.8,1669.0,-25.12,1.32,10.28,0.1,-834.4,-835.0,30.05,1.32,10.28,0.1
2025-01-26 23:38:30.258807,1668.8,1669.0,-25.14,1.32,10.28,0.1,-834.4,-835.0,30.11,1.32,10.28,0.1
2025-01-26 23:38:30.269811,1668.8,1669.0,-25.16,1.32,10.28,0.1,-834.4,-835.0,30.18,1.32,10.28,0.1
2025-01-26 23:38:30.281812,1668.8,1669.0,-25.18,1.32,10.28,0.1,-834.4,-835.0,30.24,1.32,10.28,0.1
2025-01-26 23:38:30.291816,1668.8,1669.0,-25.2,1.32,10.28,0.1,-834.4,-835.0,30.3,1.32,10.28,0.1
2025-01-26 23:38:30.302812,1668.8,1669.0,-25.23,1.32,10.28,0.1,-834.4,-835.0,30.36,1.32,10.28,0.1
2025-01-26 23:38:30.313806,1668.8,1669.0,-25.25,1.32,10.28,0.1,-834.4,-835.0,30.42,1.32,10.28,0.1
2025-01-26 23:38:30.325807,1668.8,1669.0,-25.27,1.32,10.28,0.1,-834.4,-835.0,30.48,1.32,10.28,0.1
2025-01-26 23:38:30.337814,1668.8,1669.0,-25.29,1.32,10.28,0.1,-834.4,-835.0,30.55,1.32,10.28,0.1
2025-01-26 23:38:30.353815,1668.8,1669.0,-25.31,1.32,10.28,0.1,-834.4,-835.0,30.61,1.32,10.28,0.1
2025-01-26 23:38:30.368876,1668.8,1669.0,-25.33,1.32,10.28,0.1,-834.4,-835.0,30.67,1.32,10.28,0.1
2025-01-26 23:38:30.383812,1668.8,1669.0,-25.35,1.32,10.28,0.1,-834.4,-835.0,30.73,1.32,10.28,0.1
2025-01-26 23:38:30.384807,1668.8,1669.0,-25.37,1.32,10.28,0.1,-834.4,-835.0,30.79,1.32,10.28,0.1
2025-01-26 23:38:30.400814,1668.8,1669.0,-25.39,1.32,10.28,0.1,-834.4,-835.0,30.85,1.32,10.28,0.1
2025-01-26 23:38:30.415812,1668.8,1669.0,-25.41,1.32,10.28,0.1,-834.4,-835.0,30.92,1.32,10.28,0.1
2025-01-26 23:38:30.418808,1668.8,1669.0,-25.43,1.32,10.28,0.1,-834.4,-835.0,30.98,1.32,10.28,0.1
2025-01-26 23:38:30.433812,1668.8,1669.0,-25.45,1.32,10.28,0.1,-834.4,-835.0,31.04,1.32,10.28,0.1
2025-01-26 23:38:30.448354,1668.8,1669.0,-25.47,1.32,10.28,0.1,-834.4,-835.0,31.1,1.32,10.28,0.1
2025-01-26 23:38:30.461356,1668.8,1669.0,-25.49,1.32,10.28,0.1,-834.4,-835.0,31.16,1.32,10.28,0.1
2025-01-26 23:38:30.470360,1668.8,1669.0,-25.51,1.32,10.28,0.1,-834.4,-835.0,31.22,1.32,10.28,0.1
2025-01-26 23:38:30.481355,1668.8,1669.0,-25.53,1.32,10.28,0.1,-834.4,-835.0,31.29,1.32,10.28,0.1
2025-01-26 23:38:30.497358,1668.8,1669.0,-25.55,1.32,10.28,0.1,-834.4,-835.0,31.35,1.32,10.28,0.1
2025-01-26 23:38:30.498355,1668.8,1669.0,-25.57,1.32,10.28,0.1,-834.4,-835.0,31.41,1.32,10.28,0.1
2025-01-26 23:38:30.512360,1668.8,1669.0,-25.6,1.32,10.28,0.1,-834.4,-835.0,31.47,1.32,10.28,0.1
2025-01-26 23:38:30.525356,1668.8,1669.0,-25.62,1.32,10.28,0.1,-834.4,-835.0,31.53,1.32,10.28,0.1
2025-01-26 23:38:30.537357,1668.8,1669.0,-25.64,1.32,10.28,0.1,-834.4,-835.0,31.59,1.32,10.28,0.1
2025-01-26 23:38:30.545352,1668.8,1669.0,-25.66,1.32,10.28,0.1,-834.4,-835.0,31.66,1.32,10.28,0.1
2025-01-26 23:38:30.558351,1668.8,1669.0,-25.68,1.32,10.28,0.1,-834.4,-835.0,31.72,1.32,10.28,0.1
2025-01-26 23:38:30.569356,1668.8,1669.0,-25.7,1.32,10.28,0.1,-834.4,-835.0,31.78,1.32,10.28,0.1
2025-01-26 23:38:30.581357,1668.8,1669.0,-25.72,1.32,10.28,0.1,-834.4,-835.0,31.84,1.32,10.28,0.1
2025-01-26 23:38:30.589356,1668.8,1669.0,-25.74,1.32,10.28,0.1,-834.4,-835.0,31.9,1.32,10.28,0.1
2025-01-26 23:38:30.601351,1668.8,1669.0,-25.76,1.32,10.28,0.1,-834.4,-835.0,31.96,1.32,10.28,0.1
2025-01-26 23:38:30.614355,1668.8,1669.0,-25.78,1.32,10.28,0.1,-834.4,-835.0,32.03,1.32,10.28,0.1
2025-01-26 23:38:30.622355,1668.8,1669.0,-25.8,1.32,10.28,0.1,-834.4,-835.0,32.09,1.32,10.28,0.1
2025-01-26 23:38:30.632355,1668.8,1669.0,-25.82,1.32,10.28,0.1,-834.4,-835.0,32.15,1.32,10.28,0.1
2025-01-26 23:38:30.641350,1668.8,1669.0,-25.84,1.32,10.28,0.1,-834.4,-835.0,32.21,1.32,10.28,0.1
2025-01-26 23:38:30.650359,1668.8,1669.0,-25.86,1.32,10.28,0.1,-834.4,-835.0,32.27,1.32,10.28,0.1
2025-01-26 23:38:30.661401,1668.8,1669.0,-25.88,1.32,10.28,0.1,-834.4,-835.0,32.33,1.32,10.28,0.1
2025-01-26 23:38:30.669402,1668.8,1669.0,-25.9,1.32,10.28,0.1,-834.4,-835.0,32.4,1.32,10.28,0.1
2025-01-26 23:38:30.680406,1668.8,1669.0,-25.92,1.32,10.28,0.1,-834.4,-835.0,32.46,1.32,10.28,0.1
2025-01-26 23:38:30.690688,1668.8,1669.0,-25.94,1.32,10.28,0.1,-834.4,-835.0,32.52,1.32,10.28,0.1
2025-01-26 23:38:30.700056,1668.8,1669.0,-25.97,1.32,10.28,0.1,-834.4,-835.0,32.58,1.32,10.28,0.1
2025-01-26 23:38:30.711050,1668.8,1669.0,-25.99,1.32,10.28,0.1,-834.4,-835.0,32.64,1.32,10.28,0.1
2025-01-26 23:38:30.721050,1668.8,1669.0,-26.01,1.32,10.28,0.1,-834.4,-835.0,32.7,1.32,10.28,0.1
2025-01-26 23:38:30.732056,1668.8,1669.0,-26.03,1.32,10.28,0.1,-834.4,-835.0,32.77,1.32,10.28,0.1
2025-01-26 23:38:30.743059,1668.8,1669.0,-26.05,1.32,10.28,0.1,-834.4,-835.0,32.83,1.32,10.28,0.1
2025-01-26 23:38:30.756056,1668.8,1669.0,-26.07,1.32,10.28,0.1,-834.4,-835.0,32.89,1.32,10.28,0.1
2025-01-26 23:38:30.766051,1668.8,1669.0,-26.09,1.32,10.28,0.1,-834.4,-835.0,32.95,1.32,10.28,0.1
2025-01-26 23:38:30.777122,1668.8,1669.0,-26.11,1.32,10.28,0.1,-834.4,-835.0,33.01,1.32,10.28,0.1
2025-01-26 23:38:30.787051,1668.8,1669.0,-26.13,1.32,10.28,0.1,-834.4,-835.0,33.07,1.32,10.28,0.1
2025-01-26 23:38:30.798059,1668.8,1669.0,-26.15,1.32,10.28,0.1,-834.4,-835.0,33.14,1.32,10.28,0.1
2025-01-26 23:38:30.809053,1668.8,1669.0,-26.17,1.32,10.28,0.1,-834.4,-835.0,33.2,1.32,10.28,0.1
2025-01-26 23:38:30.825059,1668.8,1669.0,-26.19,1.32,10.28,0.1,-834.4,-835.0,33.26,1.32,10.28,0.1
2025-01-26 23:38:30.842058,1668.8,1669.0,-26.21,1.32,10.28,0.1,-834.4,-835.0,33.32,1.32,10.28,0.1
2025-01-26 23:38:30.854056,1668.8,1669.0,-26.23,1.32,10.28,0.1,-834.4,-835.0,33.38,1.32,10.28,0.1
2025-01-26 23:38:30.862576,1668.8,1669.0,-26.25,1.32,10.28,0.1,-834.4,-835.0,33.44,1.32,10.28,0.1
2025-01-26 23:38:30.872593,1668.8,1669.0,-26.27,1.32,10.28,0.1,-834.4,-835.0,33.51,1.32,10.28,0.1
2025-01-26 23:38:30.888586,1668.8,1669.0,-26.29,1.32,10.28,0.1,-834.4,-835.0,33.57,1.32,10.28,0.1
2025-01-26 23:38:30.897592,1668.8,1669.0,-26.31,1.32,10.28,0.1,-834.4,-835.0,33.63,1.32,10.28,0.1
2025-01-26 23:38:30.910588,1668.8,1669.0,-26.34,1.32,10.28,0.1,-834.4,-835.0,33.69,1.32,10.28,0.1
2025-01-26 23:38:30.927656,1668.8,1669.0,-26.36,1.32,10.28,0.1,-834.4,-835.0,33.75,1.32,10.28,0.1
2025-01-26 23:38:30.933721,1668.8,1669.0,-26.38,1.32,10.28,0.1,-834.4,-835.0,33.81,1.32,10.28,0.1
2025-01-26 23:38:30.937706,1668.8,1669.0,-26.4,1.32,10.28,0.1,-834.4,-835.0,33.88,1.32,10.28,0.1
2025-01-26 23:38:30.953657,1668.8,1669.0,-26.42,1.32,10.28,0.1,-834.4,-835.0,33.94,1.32,10.28,0.1
2025-01-26 23:38:30.967656,1668.8,1669.0,-26.44,1.32,10.28,0.1,-834.4,-835.0,34.0,1.32,10.28,0.1
2025-01-26 23:38:30.980660,1668.8,1669.0,-26.46,1.32,10.28,0.1,-834.4,-835.0,34.06,1.32,10.28,0.1
2025-01-26 23:38:30.985661,1668.8,1669.0,-26.48,1.32,10.28,0.1,-834.4,-835.0,34.12,1.32,10.28,0.1
2025-01-26 23:38:30.997969,1668.8,1669.0,-26.5,1.32,10.28,0.1,-834.4,-835.0,34.18,1.32,10.28,0.1
